{"timestamp":"2026-09-18T09:43:56.011313Z","level":"INFO","fields":{"message":"python/3.12.13; huggingface_hub/1.32.0; hf_xet/1.6.0; , xet-core revision de71453-modified"},"filename":"D:\\a\\xet-core\\xet-core\\xet_runtime\\src\\logging\\init.rs","line_number":71}
{"timestamp":"2026-09-18T09:43:56.011409Z","level":"INFO","fields":{"message":"hf_xet logging configured."},"filename":"src\\logging.rs","line_number":36}
{"timestamp":"2026-09-18T09:43:56.265558Z","level":"INFO","fields":{"message":"Config: min_spacing_between_global_dedup_queries = 256 (default)"},"filename":"D:\\a\\xet-core\\xet-core\\xet_runtime\\src\\utils\\configuration_utils.rs","line_number":54}
{"timestamp":"2026-09-18T09:43:56.265590Z","level":"INFO","fields":{"message":"Config: local_cas_scheme = \"local://\" (default)"},"filename":"D:\\a\\xet-core\\xet-core\\xet_runtime\\src\\utils\\configuration_utils.rs","line_number":54}
{"timestamp":"2026-09-18T09:43:56.265605Z","level":"INFO","fields":{"message":"Config: max_concurrent_file_ingestion = 8 (default)"},"filename":"D:\\a\\xet-core\\xet-core\\xet_runtime\\src\\utils\\configuration_utils.rs","line_number":54}
{"timestamp":"2026-09-18T09:43:56.265609Z","level":"INFO","fields":{"message":"Config: max_concurrent_file_downloads = 8 (default)"},"filename":"D:\\a\\xet-core\\xet-core\\xet_runtime\\src\\utils\\configuration_utils.rs","line_number":54}
{"timestamp":"2026-09-18T09:43:56.265614Z","level":"INFO","fields":{"message":"Config: ingestion_block_size = 8MB (default)"},"filename":"D:\\a\\xet-core\\xet-core\\xet_runtime\\src\\utils\\configuration_utils.rs","line_number":54}
{"timestamp":"2026-09-18T09:43:56.265629Z","level":"INFO","fields":{"message":"Config: progress_update_interval = 200ms (default)"},"filename":"D:\\a\\xet-core\\xet-core\\xet_runtime\\src\\utils\\configuration_utils.rs","line_number":54}
{"timestamp":"2026-09-18T09:43:56.265638Z","level":"INFO","fields":{"message":"Config: progress_update_speed_sampling_window = 10s (default)"},"filename":"D:\\a\\xet-core\\xet-core\\xet_runtime\\src\\utils\\configuration_utils.rs","line_number":54}
{"timestamp":"2026-09-18T09:43:56.265642Z","level":"INFO","fields":{"message":"Config: progress_update_speed_min_observations = 4 (default)"},"filename":"D:\\a\\xet-core\\xet-core\\xet_runtime\\src\\utils\\configuration_utils.rs","line_number":54}
{"timestamp":"2026-09-18T09:43:56.265648Z","level":"INFO","fields":{"message":"Config: session_xorb_metadata_flush_interval = 20s (default)"},"filename":"D:\\a\\xet-core\\xet-core\\xet_runtime\\src\\utils\\configuration_utils.rs","line_number":54}
{"timestamp":"2026-09-18T09:43:56.265652Z","level":"INFO","fields":{"message":"Config: session_xorb_metadata_flush_max_count = 64 (default)"},"filename":"D:\\a\\xet-core\\xet-core\\xet_runtime\\src\\utils\\configuration_utils.rs","line_number":54}
{"timestamp":"2026-09-18T09:43:56.265655Z","level":"INFO","fields":{"message":"Config: default_cas_endpoint = \"http://localhost:8080\" (default)"},"filename":"D:\\a\\xet-core\\xet-core\\xet_runtime\\src\\utils\\configuration_utils.rs","line_number":54}
{"timestamp":"2026-09-18T09:43:56.265659Z","level":"INFO","fields":{"message":"Config: aggregate_progress = true (default)"},"filename":"D:\\a\\xet-core\\xet-core\\xet_runtime\\src\\utils\\configuration_utils.rs","line_number":54}
{"timestamp":"2026-09-18T09:43:56.265663Z","level":"INFO","fields":{"message":"Config: default_prefix = \"default\" (default)"},"filename":"D:\\a\\xet-core\\xet-core\\xet_runtime\\src\\utils\\configuration_utils.rs","line_number":54}
{"timestamp":"2026-09-18T09:43:56.265666Z","level":"INFO","fields":{"message":"Config: staging_subdir = \"staging\" (default)"},"filename":"D:\\a\\xet-core\\xet-core\\xet_runtime\\src\\utils\\configuration_utils.rs","line_number":54}
{"timestamp":"2026-09-18T09:43:56.265670Z","level":"INFO","fields":{"message":"Config: target_size = 67108864 (default)"},"filename":"D:\\a\\xet-core\\xet-core\\xet_runtime\\src\\utils\\configuration_utils.rs","line_number":54}
{"timestamp":"2026-09-18T09:43:56.265674Z","level":"INFO","fields":{"message":"Config: max_target_size = 67108864 (default)"},"filename":"D:\\a\\xet-core\\xet-core\\xet_runtime\\src\\utils\\configuration_utils.rs","line_number":54}
{"timestamp":"2026-09-18T09:43:56.265678Z","level":"INFO","fields":{"message":"Config: cache_size_limit = 16GB (default)"},"filename":"D:\\a\\xet-core\\xet-core\\xet_runtime\\src\\utils\\configuration_utils.rs","line_number":54}
{"timestamp":"2026-09-18T09:43:56.265683Z","level":"INFO","fields":{"message":"Config: chunk_index_table_max_size = 67108864 (default)"},"filename":"D:\\a\\xet-core\\xet-core\\xet_runtime\\src\\utils\\configuration_utils.rs","line_number":54}
{"timestamp":"2026-09-18T09:43:56.265686Z","level":"INFO","fields":{"message":"Config: cache_subdir = \"shard-cache\" (default)"},"filename":"D:\\a\\xet-core\\xet-core\\xet_runtime\\src\\utils\\configuration_utils.rs","line_number":54}
{"timestamp":"2026-09-18T09:43:56.265690Z","level":"INFO","fields":{"message":"Config: nranges_in_streaming_fragmentation_estimator = 128 (default)"},"filename":"D:\\a\\xet-core\\xet-core\\xet_runtime\\src\\utils\\configuration_utils.rs","line_number":54}
{"timestamp":"2026-09-18T09:43:56.265693Z","level":"INFO","fields":{"message":"Config: min_n_chunks_per_range_hysteresis_factor = 0.5 (default)"},"filename":"D:\\a\\xet-core\\xet-core\\xet_runtime\\src\\utils\\configuration_utils.rs","line_number":54}
{"timestamp":"2026-09-18T09:43:56.265718Z","level":"INFO","fields":{"message":"Config: min_n_chunks_per_range = 8.0 (default)"},"filename":"D:\\a\\xet-core\\xet-core\\xet_runtime\\src\\utils\\configuration_utils.rs","line_number":54}
{"timestamp":"2026-09-18T09:43:56.265726Z","level":"INFO","fields":{"message":"Config: global_dedup_query_enabled = true (default)"},"filename":"D:\\a\\xet-core\\xet-core\\xet_runtime\\src\\utils\\configuration_utils.rs","line_number":54}
{"timestamp":"2026-09-18T09:43:56.265729Z","level":"INFO","fields":{"message":"Config: size_bytes = 0 (default)"},"filename":"D:\\a\\xet-core\\xet-core\\xet_runtime\\src\\utils\\configuration_utils.rs","line_number":54}
{"timestamp":"2026-09-18T09:43:56.265732Z","level":"INFO","fields":{"message":"Config: retry_max_attempts = 5 (default)"},"filename":"D:\\a\\xet-core\\xet-core\\xet_runtime\\src\\utils\\configuration_utils.rs","line_number":54}
{"timestamp":"2026-09-18T09:43:56.265736Z","level":"INFO","fields":{"message":"Config: retry_base_delay = 3s (default)"},"filename":"D:\\a\\xet-core\\xet-core\\xet_runtime\\src\\utils\\configuration_utils.rs","line_number":54}
{"timestamp":"2026-09-18T09:43:56.265741Z","level":"INFO","fields":{"message":"Config: retry_max_duration = 360s (default)"},"filename":"D:\\a\\xet-core\\xet-core\\xet_runtime\\src\\utils\\configuration_utils.rs","line_number":54}
{"timestamp":"2026-09-18T09:43:56.265747Z","level":"INFO","fields":{"message":"Config: idle_connection_timeout = 60s (default)"},"filename":"D:\\a\\xet-core\\xet-core\\xet_runtime\\src\\utils\\configuration_utils.rs","line_number":54}
{"timestamp":"2026-09-18T09:43:56.265753Z","level":"INFO","fields":{"message":"Config: max_idle_connections = 16 (default)"},"filename":"D:\\a\\xet-core\\xet-core\\xet_runtime\\src\\utils\\configuration_utils.rs","line_number":54}
{"timestamp":"2026-09-18T09:43:56.265759Z","level":"INFO","fields":{"message":"Config: connect_timeout = 60s (default)"},"filename":"D:\\a\\xet-core\\xet-core\\xet_runtime\\src\\utils\\configuration_utils.rs","line_number":54}
{"timestamp":"2026-09-18T09:43:56.265764Z","level":"INFO","fields":{"message":"Config: read_timeout = 300s (default)"},"filename":"D:\\a\\xet-core\\xet-core\\xet_runtime\\src\\utils\\configuration_utils.rs","line_number":54}
{"timestamp":"2026-09-18T09:43:56.265770Z","level":"INFO","fields":{"message":"Config: upload_reporting_block_size = 524288 (default)"},"filename":"D:\\a\\xet-core\\xet-core\\xet_runtime\\src\\utils\\configuration_utils.rs","line_number":54}
{"timestamp":"2026-09-18T09:43:56.265777Z","level":"INFO","fields":{"message":"Config: enable_adaptive_concurrency = true (default)"},"filename":"D:\\a\\xet-core\\xet-core\\xet_runtime\\src\\utils\\configuration_utils.rs","line_number":54}
{"timestamp":"2026-09-18T09:43:56.265782Z","level":"INFO","fields":{"message":"Config: ac_min_adjustment_window_ms = 500 (default)"},"filename":"D:\\a\\xet-core\\xet-core\\xet_runtime\\src\\utils\\configuration_utils.rs","line_number":54}
{"timestamp":"2026-09-18T09:43:56.265789Z","level":"INFO","fields":{"message":"Config: ac_min_bytes_required_for_adjustment = 20MB (default)"},"filename":"D:\\a\\xet-core\\xet-core\\xet_runtime\\src\\utils\\configuration_utils.rs","line_number":54}
{"timestamp":"2026-09-18T09:43:56.265795Z","level":"INFO","fields":{"message":"Config: ac_num_transmissions_required_for_adjustment = 1 (default)"},"filename":"D:\\a\\xet-core\\xet-core\\xet_runtime\\src\\utils\\configuration_utils.rs","line_number":54}
{"timestamp":"2026-09-18T09:43:56.265799Z","level":"INFO","fields":{"message":"Config: ac_latency_rtt_half_life = 64.0 (default)"},"filename":"D:\\a\\xet-core\\xet-core\\xet_runtime\\src\\utils\\configuration_utils.rs","line_number":54}
{"timestamp":"2026-09-18T09:43:56.265803Z","level":"INFO","fields":{"message":"Config: ac_success_tracking_half_life = 8.0 (default)"},"filename":"D:\\a\\xet-core\\xet-core\\xet_runtime\\src\\utils\\configuration_utils.rs","line_number":54}
{"timestamp":"2026-09-18T09:43:56.265806Z","level":"INFO","fields":{"message":"Config: ac_target_rtt = 60s (default)"},"filename":"D:\\a\\xet-core\\xet-core\\xet_runtime\\src\\utils\\configuration_utils.rs","line_number":54}
{"timestamp":"2026-09-18T09:43:56.265809Z","level":"INFO","fields":{"message":"Config: ac_max_healthy_rtt = 90s (default)"},"filename":"D:\\a\\xet-core\\xet-core\\xet_runtime\\src\\utils\\configuration_utils.rs","line_number":54}
{"timestamp":"2026-09-18T09:43:56.265813Z","level":"INFO","fields":{"message":"Config: ac_rtt_success_max_quantile = 0.95 (default)"},"filename":"D:\\a\\xet-core\\xet-core\\xet_runtime\\src\\utils\\configuration_utils.rs","line_number":54}
{"timestamp":"2026-09-18T09:43:56.265816Z","level":"INFO","fields":{"message":"Config: ac_healthy_success_ratio_threshold = 0.8 (default)"},"filename":"D:\\a\\xet-core\\xet-core\\xet_runtime\\src\\utils\\configuration_utils.rs","line_number":54}
{"timestamp":"2026-09-18T09:43:56.265820Z","level":"INFO","fields":{"message":"Config: ac_unhealthy_success_ratio_threshold = 0.5 (default)"},"filename":"D:\\a\\xet-core\\xet-core\\xet_runtime\\src\\utils\\configuration_utils.rs","line_number":54}
{"timestamp":"2026-09-18T09:43:56.265824Z","level":"INFO","fields":{"message":"Config: ac_max_reference_transmission_size = 64MB (default)"},"filename":"D:\\a\\xet-core\\xet-core\\xet_runtime\\src\\utils\\configuration_utils.rs","line_number":54}
{"timestamp":"2026-09-18T09:43:56.265827Z","level":"INFO","fields":{"message":"Config: ac_min_reference_transmission_size = 1MB (default)"},"filename":"D:\\a\\xet-core\\xet-core\\xet_runtime\\src\\utils\\configuration_utils.rs","line_number":54}
{"timestamp":"2026-09-18T09:43:56.265830Z","level":"INFO","fields":{"message":"Config: ac_logging_interval_ms = 10000 (default)"},"filename":"D:\\a\\xet-core\\xet-core\\xet_runtime\\src\\utils\\configuration_utils.rs","line_number":54}
{"timestamp":"2026-09-18T09:43:56.265834Z","level":"INFO","fields":{"message":"Config: ac_max_upload_concurrency = 64 (default)"},"filename":"D:\\a\\xet-core\\xet-core\\xet_runtime\\src\\utils\\configuration_utils.rs","line_number":54}
{"timestamp":"2026-09-18T09:43:56.265838Z","level":"INFO","fields":{"message":"Config: ac_min_upload_concurrency = 1 (default)"},"filename":"D:\\a\\xet-core\\xet-core\\xet_runtime\\src\\utils\\configuration_utils.rs","line_number":54}
{"timestamp":"2026-09-18T09:43:56.265841Z","level":"INFO","fields":{"message":"Config: ac_initial_upload_concurrency = 2 (default)"},"filename":"D:\\a\\xet-core\\xet-core\\xet_runtime\\src\\utils\\configuration_utils.rs","line_number":54}
{"timestamp":"2026-09-18T09:43:56.265845Z","level":"INFO","fields":{"message":"Config: ac_max_download_concurrency = 64 (default)"},"filename":"D:\\a\\xet-core\\xet-core\\xet_runtime\\src\\utils\\configuration_utils.rs","line_number":54}
{"timestamp":"2026-09-18T09:43:56.265848Z","level":"INFO","fields":{"message":"Config: ac_min_download_concurrency = 1 (default)"},"filename":"D:\\a\\xet-core\\xet-core\\xet_runtime\\src\\utils\\configuration_utils.rs","line_number":54}
{"timestamp":"2026-09-18T09:43:56.265851Z","level":"INFO","fields":{"message":"Config: ac_initial_download_concurrency = 4 (default)"},"filename":"D:\\a\\xet-core\\xet-core\\xet_runtime\\src\\utils\\configuration_utils.rs","line_number":54}
{"timestamp":"2026-09-18T09:43:56.265854Z","level":"INFO","fields":{"message":"Config: unix_socket_path = None (default)"},"filename":"D:\\a\\xet-core\\xet-core\\xet_runtime\\src\\utils\\configuration_utils.rs","line_number":54}
{"timestamp":"2026-09-18T09:43:56.265858Z","level":"INFO","fields":{"message":"Config: reconstruction_api_version = None (default)"},"filename":"D:\\a\\xet-core\\xet-core\\xet_runtime\\src\\utils\\configuration_utils.rs","line_number":54}
{"timestamp":"2026-09-18T09:43:56.265861Z","level":"INFO","fields":{"message":"Config: shard_api_version = None (default)"},"filename":"D:\\a\\xet-core\\xet-core\\xet_runtime\\src\\utils\\configuration_utils.rs","line_number":54}
{"timestamp":"2026-09-18T09:43:56.265864Z","level":"INFO","fields":{"message":"Config: enable_multirange_fetching = false (default)"},"filename":"D:\\a\\xet-core\\xet-core\\xet_runtime\\src\\utils\\configuration_utils.rs","line_number":54}
{"timestamp":"2026-09-18T09:43:56.265867Z","level":"INFO","fields":{"message":"Config: dest = None (default)"},"filename":"D:\\a\\xet-core\\xet-core\\xet_runtime\\src\\utils\\configuration_utils.rs","line_number":54}
{"timestamp":"2026-09-18T09:43:56.265870Z","level":"INFO","fields":{"message":"Config: format = None (default)"},"filename":"D:\\a\\xet-core\\xet-core\\xet_runtime\\src\\utils\\configuration_utils.rs","line_number":54}
{"timestamp":"2026-09-18T09:43:56.265873Z","level":"INFO","fields":{"message":"Config: prefix = \"xet\" (default)"},"filename":"D:\\a\\xet-core\\xet-core\\xet_runtime\\src\\utils\\configuration_utils.rs","line_number":54}
{"timestamp":"2026-09-18T09:43:56.265876Z","level":"INFO","fields":{"message":"Config: dir_disable_cleanup = false (default)"},"filename":"D:\\a\\xet-core\\xet-core\\xet_runtime\\src\\utils\\configuration_utils.rs","line_number":54}
{"timestamp":"2026-09-18T09:43:56.265880Z","level":"INFO","fields":{"message":"Config: dir_max_size = 250MB (default)"},"filename":"D:\\a\\xet-core\\xet-core\\xet_runtime\\src\\utils\\configuration_utils.rs","line_number":54}
{"timestamp":"2026-09-18T09:43:56.265883Z","level":"INFO","fields":{"message":"Config: dir_min_deletion_age = 86400s (default)"},"filename":"D:\\a\\xet-core\\xet-core\\xet_runtime\\src\\utils\\configuration_utils.rs","line_number":54}
{"timestamp":"2026-09-18T09:43:56.265886Z","level":"INFO","fields":{"message":"Config: dir_max_retention_age = 1209600s (default)"},"filename":"D:\\a\\xet-core\\xet-core\\xet_runtime\\src\\utils\\configuration_utils.rs","line_number":54}
{"timestamp":"2026-09-18T09:43:56.265889Z","level":"INFO","fields":{"message":"Config: min_reconstruction_fetch_size = 256MB (default)"},"filename":"D:\\a\\xet-core\\xet-core\\xet_runtime\\src\\utils\\configuration_utils.rs","line_number":54}
{"timestamp":"2026-09-18T09:43:56.265892Z","level":"INFO","fields":{"message":"Config: max_reconstruction_fetch_size = 8GB (default)"},"filename":"D:\\a\\xet-core\\xet-core\\xet_runtime\\src\\utils\\configuration_utils.rs","line_number":54}
{"timestamp":"2026-09-18T09:43:56.265896Z","level":"INFO","fields":{"message":"Config: download_buffer_size = 2GB (default)"},"filename":"D:\\a\\xet-core\\xet-core\\xet_runtime\\src\\utils\\configuration_utils.rs","line_number":54}
{"timestamp":"2026-09-18T09:43:56.265899Z","level":"INFO","fields":{"message":"Config: download_buffer_perfile_size = 512MB (default)"},"filename":"D:\\a\\xet-core\\xet-core\\xet_runtime\\src\\utils\\configuration_utils.rs","line_number":54}
{"timestamp":"2026-09-18T09:43:56.265903Z","level":"INFO","fields":{"message":"Config: download_buffer_limit = 8GB (default)"},"filename":"D:\\a\\xet-core\\xet-core\\xet_runtime\\src\\utils\\configuration_utils.rs","line_number":54}
{"timestamp":"2026-09-18T09:43:56.265906Z","level":"INFO","fields":{"message":"Config: completion_rate_estimator_half_life = 4.0 (default)"},"filename":"D:\\a\\xet-core\\xet-core\\xet_runtime\\src\\utils\\configuration_utils.rs","line_number":54}
{"timestamp":"2026-09-18T09:43:56.265909Z","level":"INFO","fields":{"message":"Config: target_block_completion_time = 900s (default)"},"filename":"D:\\a\\xet-core\\xet-core\\xet_runtime\\src\\utils\\configuration_utils.rs","line_number":54}
{"timestamp":"2026-09-18T09:43:56.265913Z","level":"INFO","fields":{"message":"Config: min_prefetch_buffer = 1GB (default)"},"filename":"D:\\a\\xet-core\\xet-core\\xet_runtime\\src\\utils\\configuration_utils.rs","line_number":54}
{"timestamp":"2026-09-18T09:43:56.265916Z","level":"INFO","fields":{"message":"Config: use_vectored_write = true (default)"},"filename":"D:\\a\\xet-core\\xet-core\\xet_runtime\\src\\utils\\configuration_utils.rs","line_number":54}
{"timestamp":"2026-09-18T09:43:56.265919Z","level":"INFO","fields":{"message":"Config: compression_scheme_retest_interval = 32 (default)"},"filename":"D:\\a\\xet-core\\xet-core\\xet_runtime\\src\\utils\\configuration_utils.rs","line_number":54}
{"timestamp":"2026-09-18T09:43:56.265924Z","level":"INFO","fields":{"message":"Config: compression_policy = \"auto\" (default)"},"filename":"D:\\a\\xet-core\\xet-core\\xet_runtime\\src\\utils\\config_enum.rs","line_number":174}
{"timestamp":"2026-09-18T09:43:56.265928Z","level":"INFO","fields":{"message":"Config: simulation_max_bytes = None (default)"},"filename":"D:\\a\\xet-core\\xet-core\\xet_runtime\\src\\utils\\configuration_utils.rs","line_number":54}
{"timestamp":"2026-09-18T09:43:56.265931Z","level":"INFO","fields":{"message":"Config: simulation_max_chunks = None (default)"},"filename":"D:\\a\\xet-core\\xet-core\\xet_runtime\\src\\utils\\configuration_utils.rs","line_number":54}
{"timestamp":"2026-09-18T09:43:56.265943Z","level":"INFO","fields":{"message":"Config: dir_name = \"shard-session\" (default)"},"filename":"D:\\a\\xet-core\\xet-core\\xet_runtime\\src\\utils\\configuration_utils.rs","line_number":54}
{"timestamp":"2026-09-18T09:43:56.265947Z","level":"INFO","fields":{"message":"Config: enabled = false (default)"},"filename":"D:\\a\\xet-core\\xet-core\\xet_runtime\\src\\utils\\configuration_utils.rs","line_number":54}
{"timestamp":"2026-09-18T09:43:56.265950Z","level":"INFO","fields":{"message":"Config: sample_interval = 5s (default)"},"filename":"D:\\a\\xet-core\\xet-core\\xet_runtime\\src\\utils\\configuration_utils.rs","line_number":54}
{"timestamp":"2026-09-18T09:43:56.265953Z","level":"INFO","fields":{"message":"Config: log_path = None (default)"},"filename":"D:\\a\\xet-core\\xet-core\\xet_runtime\\src\\utils\\configuration_utils.rs","line_number":54}
{"timestamp":"2026-09-18T09:43:56.265994Z","level":"INFO","fields":{"message":"Using 16 async threads for tokio runtime"},"filename":"D:\\a\\xet-core\\xet-core\\xet_runtime\\src\\core\\runtime\\native.rs","line_number":63}
{"timestamp":"2026-09-18T09:43:56.268423Z","level":"INFO","fields":{"message":"Session created, session_id=01a0b3e6-b46c-72d0-bdaf-4b1cb540e9b3"},"filename":"D:\\a\\xet-core\\xet-core\\xet_pkg\\src\\xet_session\\session.rs","line_number":192}
{"timestamp":"2026-09-18T09:43:56.269111Z","level":"INFO","fields":{"message":"CAS auth disabled","caller":"D:\\a\\xet-core\\xet-core\\xet_client\\src\\common\\http_client.rs:166"},"filename":"D:\\a\\xet-core\\xet-core\\xet_runtime\\src\\error_printer\\mod.rs","line_number":198}
{"timestamp":"2026-09-18T09:43:56.269465Z","level":"INFO","fields":{"message":"HTTP client configured","idle_timeout":"60s","max_idle_connections":16,"custom_headers":"Some({\"user-agent\": \"unknown/None; hf_hub/1.32.0; python/3.12.13; torch/2.14.0; agent/antigravity; transformers/5.17.0; session_id/6b340af7c60445de840e672a55cc3a4f; file_type/model; framework/pytorch; from_auto_class/False\"})"},"filename":"D:\\a\\xet-core\\xet-core\\xet_client\\src\\common\\http_client.rs","line_number":187}
{"timestamp":"2026-09-18T09:43:56.270770Z","level":"INFO","fields":{"message":"TranslatorConfig initialized","endpoint":"https://cas-server.xethub.hf.co","session_id":"Some(\"01a0b3e6-b46d-74f0-a2b9-a38736714905\")","shard_cache":"C:\\Users\\ASHIQ RAHMAN\\OneDrive\\Desktop\\LoRA vs DoRA Fine-Tuning Study on Google Gemma 4 E4B\\.cache\\huggingface\\xet\\https___cas_serv-tGqkUaZf_CBPHQ6h\\shard-cache","shard_session":"C:\\Users\\ASHIQ RAHMAN\\OneDrive\\Desktop\\LoRA vs DoRA Fine-Tuning Study on Google Gemma 4 E4B\\.cache\\huggingface\\xet\\https___cas_serv-tGqkUaZf_CBPHQ6h\\staging\\shard-session"},"filename":"D:\\a\\xet-core\\xet-core\\xet_data\\src\\processing\\configurations.rs","line_number":127}
{"timestamp":"2026-09-18T09:43:56.270956Z","level":"INFO","fields":{"message":"HTTP client configured","idle_timeout":"60s","max_idle_connections":16,"custom_headers":"Some({\"user-agent\": \"unknown/None; hf_hub/1.32.0; python/3.12.13; torch/2.14.0; agent/antigravity; transformers/5.17.0; session_id/6b340af7c60445de840e672a55cc3a4f; file_type/model; framework/pytorch; from_auto_class/False; hf_xet/1.6.0\"})"},"filename":"D:\\a\\xet-core\\xet-core\\xet_client\\src\\common\\http_client.rs","line_number":187}
{"timestamp":"2026-09-18T09:43:56.270993Z","level":"INFO","fields":{"message":"CAS auth disabled","caller":"D:\\a\\xet-core\\xet-core\\xet_client\\src\\common\\http_client.rs:166"},"filename":"D:\\a\\xet-core\\xet-core\\xet_runtime\\src\\error_printer\\mod.rs","line_number":198}
{"timestamp":"2026-09-18T09:43:56.271004Z","level":"INFO","fields":{"message":"HTTP client configured","idle_timeout":"60s","max_idle_connections":16,"custom_headers":"Some({\"user-agent\": \"unknown/None; hf_hub/1.32.0; python/3.12.13; torch/2.14.0; agent/antigravity; transformers/5.17.0; session_id/6b340af7c60445de840e672a55cc3a4f; file_type/model; framework/pytorch; from_auto_class/False; hf_xet/1.6.0\"})"},"filename":"D:\\a\\xet-core\\xet-core\\xet_client\\src\\common\\http_client.rs","line_number":187}
{"timestamp":"2026-09-18T09:43:56.271075Z","level":"INFO","fields":{"message":"No-read-timeout HTTP client configured (for shard uploads)","connect_timeout":"60s"},"filename":"D:\\a\\xet-core\\xet-core\\xet_client\\src\\common\\http_client.rs","line_number":136}
{"timestamp":"2026-09-18T09:43:56.271127Z","level":"INFO","fields":{"message":"Initializing Adaptive Concurrency Controller for upload with starting concurrency = 2; min = 1, max = 64, min_bytes_for_adjustment = 20000000, min_completed_transmissions_for_adjustment = 1"},"filename":"D:\\a\\xet-core\\xet-core\\xet_client\\src\\cas_client\\adaptive_concurrency\\controller.rs","line_number":306}
{"timestamp":"2026-09-18T09:43:56.271137Z","level":"INFO","fields":{"message":"Initializing Adaptive Concurrency Controller for download with starting concurrency = 4; min = 1, max = 64, min_bytes_for_adjustment = 20000000, min_completed_transmissions_for_adjustment = 1"},"filename":"D:\\a\\xet-core\\xet-core\\xet_client\\src\\cas_client\\adaptive_concurrency\\controller.rs","line_number":306}
{"timestamp":"2026-09-18T09:43:56.271241Z","level":"INFO","fields":{"message":"New file download group, session_id=01a0b3e6-b46c-72d0-bdaf-4b1cb540e9b3, group_id=1"},"filename":"D:\\a\\xet-core\\xet-core\\xet_pkg\\src\\xet_session\\file_download_group.rs","line_number":61}
{"timestamp":"2026-09-18T09:43:56.271496Z","level":"INFO","fields":{"message":"Download file to path","group_id":"1","dest_path":"\"C:\\\\Users\\\\ASHIQ RAHMAN\\\\OneDrive\\\\Desktop\\\\LoRA vs DoRA Fine-Tuning Study on Google Gemma 4 E4B\\\\.cache\\\\huggingface\\\\models--google--gemma-4-E4B-it\\\\blobs\\\\cfbd3d2f1cd71bd471c37fe2bf8546d5028d41e5736f64e1ca6c6b8893125503.fb11b85d.incomplete\"","hash":"be9eb4387fbda28c3f67dc5f0e68a3bf381d15e5aa3e1a51559db2f08f931626"},"filename":"D:\\a\\xet-core\\xet-core\\xet_pkg\\src\\xet_session\\file_download_group.rs","line_number":287}
{"timestamp":"2026-09-18T09:43:56.271800Z","level":"INFO","fields":{"message":"Reconstructing file to disk","file_hash":"be9eb4387fbda28c3f67dc5f0e68a3bf381d15e5aa3e1a51559db2f08f931626","byte_range":"None","path":"C:\\Users\\ASHIQ RAHMAN\\OneDrive\\Desktop\\LoRA vs DoRA Fine-Tuning Study on Google Gemma 4 E4B\\.cache\\huggingface\\models--google--gemma-4-E4B-it\\blobs\\cfbd3d2f1cd71bd471c37fe2bf8546d5028d41e5736f64e1ca6c6b8893125503.fb11b85d.incomplete","write_offset":"None"},"filename":"D:\\a\\xet-core\\xet-core\\xet_data\\src\\file_reconstruction\\file_reconstructor.rs","line_number":126}
{"timestamp":"2026-09-18T09:43:56.272130Z","level":"INFO","fields":{"message":"Download group finish","group_id":"1"},"filename":"D:\\a\\xet-core\\xet-core\\xet_pkg\\src\\xet_session\\file_download_group.rs","line_number":306}
{"timestamp":"2026-09-18T09:43:56.272900Z","level":"INFO","fields":{"message":"Scheduling prefetch block","file_hash":"be9eb4387fbda28c3f67dc5f0e68a3bf381d15e5aa3e1a51559db2f08f931626","prefetch_range":"(0, 256000000)","requested_block_size":256000000,"actual_block_size":256000000,"queue_depth":1},"filename":"D:\\a\\xet-core\\xet-core\\xet_data\\src\\file_reconstruction\\reconstruction_terms\\manager.rs","line_number":277}
{"timestamp":"2026-09-18T09:43:56.272951Z","level":"INFO","fields":{"message":"Scheduling prefetch block","file_hash":"be9eb4387fbda28c3f67dc5f0e68a3bf381d15e5aa3e1a51559db2f08f931626","prefetch_range":"(256000000, 768000000)","requested_block_size":512000000,"actual_block_size":512000000,"queue_depth":2},"filename":"D:\\a\\xet-core\\xet-core\\xet_data\\src\\file_reconstruction\\reconstruction_terms\\manager.rs","line_number":277}
{"timestamp":"2026-09-18T09:43:56.272989Z","level":"INFO","fields":{"message":"Scheduling prefetch block","file_hash":"be9eb4387fbda28c3f67dc5f0e68a3bf381d15e5aa3e1a51559db2f08f931626","prefetch_range":"(768000000, 1024000000)","requested_block_size":256000000,"actual_block_size":256000000,"queue_depth":3},"filename":"D:\\a\\xet-core\\xet-core\\xet_data\\src\\file_reconstruction\\reconstruction_terms\\manager.rs","line_number":277}
{"timestamp":"2026-09-18T09:43:56.273215Z","level":"INFO","fields":{"message":"Starting get_reconstruction API call","call_id":1,"file_id":"be9eb4387fbda28c3f67dc5f0e68a3bf381d15e5aa3e1a51559db2f08f931626","bytes_range":"Some(Range { start: 0, end: 256000000 })","api_version":"v2"},"filename":"D:\\a\\xet-core\\xet-core\\xet_client\\src\\cas_client\\remote_client.rs","line_number":214}
{"timestamp":"2026-09-18T09:43:56.273215Z","level":"INFO","fields":{"message":"Starting get_reconstruction API call","call_id":2,"file_id":"be9eb4387fbda28c3f67dc5f0e68a3bf381d15e5aa3e1a51559db2f08f931626","bytes_range":"Some(Range { start: 768000000, end: 1024000000 })","api_version":"v2"},"filename":"D:\\a\\xet-core\\xet-core\\xet_client\\src\\cas_client\\remote_client.rs","line_number":214}
{"timestamp":"2026-09-18T09:43:56.273230Z","level":"INFO","fields":{"message":"Starting get_reconstruction API call","call_id":3,"file_id":"be9eb4387fbda28c3f67dc5f0e68a3bf381d15e5aa3e1a51559db2f08f931626","bytes_range":"Some(Range { start: 256000000, end: 768000000 })","api_version":"v2"},"filename":"D:\\a\\xet-core\\xet-core\\xet_client\\src\\cas_client\\remote_client.rs","line_number":214}
{"timestamp":"2026-09-18T09:43:56.273274Z","level":"INFO","fields":{"message":"Retry strategy","retry":"RetryWrapper { max_attempts: 5, base_delay: 3s, max_duration: 360s, no_retry_on_429: false, retry_on_403: false, expected_416: true, expected_404: false, log_errors_as_info: false, api_tag: \"cas::get_reconstruction_v2\", has_connection_permit: false }"},"filename":"D:\\a\\xet-core\\xet-core\\xet_client\\src\\cas_client\\retry_wrapper.rs","line_number":274}
{"timestamp":"2026-09-18T09:43:56.273275Z","level":"INFO","fields":{"message":"Retry strategy","retry":"RetryWrapper { max_attempts: 5, base_delay: 3s, max_duration: 360s, no_retry_on_429: false, retry_on_403: false, expected_416: true, expected_404: false, log_errors_as_info: false, api_tag: \"cas::get_reconstruction_v2\", has_connection_permit: false }"},"filename":"D:\\a\\xet-core\\xet-core\\xet_client\\src\\cas_client\\retry_wrapper.rs","line_number":274}
{"timestamp":"2026-09-18T09:43:56.273275Z","level":"INFO","fields":{"message":"Retry strategy","retry":"RetryWrapper { max_attempts: 5, base_delay: 3s, max_duration: 360s, no_retry_on_429: false, retry_on_403: false, expected_416: true, expected_404: false, log_errors_as_info: false, api_tag: \"cas::get_reconstruction_v2\", has_connection_permit: false }"},"filename":"D:\\a\\xet-core\\xet-core\\xet_client\\src\\cas_client\\retry_wrapper.rs","line_number":274}
{"timestamp":"2026-09-18T09:43:57.904230Z","level":"INFO","fields":{"message":"Received CAS response","request_id":"01M2SYCR80HT77C9MXPM466KF3","status_code":200},"filename":"D:\\a\\xet-core\\xet-core\\xet_client\\src\\common\\http_client.rs","line_number":288}
{"timestamp":"2026-09-18T09:43:57.904276Z","level":"INFO","fields":{"message":"Request Success: cas::get_reconstruction_v2 api call succeeded (request id 01M2SYCR80HT77C9MXPM466KF3)."},"filename":"D:\\a\\xet-core\\xet-core\\xet_client\\src\\cas_client\\retry_wrapper.rs","line_number":237}
{"timestamp":"2026-09-18T09:43:57.904430Z","level":"INFO","fields":{"message":"Completed get_reconstruction API call","call_id":2,"file_id":"be9eb4387fbda28c3f67dc5f0e68a3bf381d15e5aa3e1a51559db2f08f931626","bytes_range":"Some(Range { start: 768000000, end: 1024000000 })","api_version":"v2"},"filename":"D:\\a\\xet-core\\xet-core\\xet_client\\src\\cas_client\\remote_client.rs","line_number":238}
{"timestamp":"2026-09-18T09:43:58.110944Z","level":"INFO","fields":{"message":"Received CAS response","request_id":"01M2SYCR81Y2ZHFQSMBQSJQGPZ","status_code":200},"filename":"D:\\a\\xet-core\\xet-core\\xet_client\\src\\common\\http_client.rs","line_number":288}
{"timestamp":"2026-09-18T09:43:58.110996Z","level":"INFO","fields":{"message":"Request Success: cas::get_reconstruction_v2 api call succeeded (request id 01M2SYCR81Y2ZHFQSMBQSJQGPZ)."},"filename":"D:\\a\\xet-core\\xet-core\\xet_client\\src\\cas_client\\retry_wrapper.rs","line_number":237}
{"timestamp":"2026-09-18T09:43:58.128225Z","level":"INFO","fields":{"message":"Received CAS response","request_id":"01M2SYCR7ZSEKFHFS5PHGAYREM","status_code":200},"filename":"D:\\a\\xet-core\\xet-core\\xet_client\\src\\common\\http_client.rs","line_number":288}
{"timestamp":"2026-09-18T09:43:58.128254Z","level":"INFO","fields":{"message":"Request Success: cas::get_reconstruction_v2 api call succeeded (request id 01M2SYCR7ZSEKFHFS5PHGAYREM)."},"filename":"D:\\a\\xet-core\\xet-core\\xet_client\\src\\cas_client\\retry_wrapper.rs","line_number":237}
{"timestamp":"2026-09-18T09:43:58.128683Z","level":"INFO","fields":{"message":"Completed get_reconstruction API call","call_id":1,"file_id":"be9eb4387fbda28c3f67dc5f0e68a3bf381d15e5aa3e1a51559db2f08f931626","bytes_range":"Some(Range { start: 0, end: 256000000 })","api_version":"v2"},"filename":"D:\\a\\xet-core\\xet-core\\xet_client\\src\\cas_client\\remote_client.rs","line_number":238}
{"timestamp":"2026-09-18T09:43:58.128946Z","level":"INFO","fields":{"message":"Received block of file terms from prefetch queue","file_hash":"be9eb4387fbda28c3f67dc5f0e68a3bf381d15e5aa3e1a51559db2f08f931626","domain":"us.aws.cdn.hf.co","block_start":0,"block_end":256000000,"block_size":95},"filename":"D:\\a\\xet-core\\xet-core\\xet_data\\src\\file_reconstruction\\reconstruction_terms\\manager.rs","line_number":156}
{"timestamp":"2026-09-18T09:43:58.129139Z","level":"INFO","fields":{"message":"Retry strategy","retry":"RetryWrapper { max_attempts: 5, base_delay: 3s, max_duration: 360s, no_retry_on_429: false, retry_on_403: true, expected_416: false, expected_404: false, log_errors_as_info: false, api_tag: \"s3::get_range\", has_connection_permit: true }"},"filename":"D:\\a\\xet-core\\xet-core\\xet_client\\src\\cas_client\\retry_wrapper.rs","line_number":274}
{"timestamp":"2026-09-18T09:43:58.129230Z","level":"INFO","fields":{"message":"Updated completion rate estimate based on previous block completion time (seconds).","file_hash":"be9eb4387fbda28c3f67dc5f0e68a3bf381d15e5aa3e1a51559db2f08f931626","block_start":0,"block_end":256000000,"block_size":256000000,"completion_time":0.000285},"filename":"D:\\a\\xet-core\\xet-core\\xet_data\\src\\file_reconstruction\\reconstruction_terms\\manager.rs","line_number":109}
{"timestamp":"2026-09-18T09:43:58.129258Z","level":"INFO","fields":{"message":"Scheduling prefetch block","file_hash":"be9eb4387fbda28c3f67dc5f0e68a3bf381d15e5aa3e1a51559db2f08f931626","prefetch_range":"(1024000000, 9024000000)","requested_block_size":8000000000,"actual_block_size":8000000000,"queue_depth":3},"filename":"D:\\a\\xet-core\\xet-core\\xet_data\\src\\file_reconstruction\\reconstruction_terms\\manager.rs","line_number":277}
{"timestamp":"2026-09-18T09:43:58.129278Z","level":"INFO","fields":{"message":"Starting get_reconstruction API call","call_id":4,"file_id":"be9eb4387fbda28c3f67dc5f0e68a3bf381d15e5aa3e1a51559db2f08f931626","bytes_range":"Some(Range { start: 1024000000, end: 9024000000 })","api_version":"v2"},"filename":"D:\\a\\xet-core\\xet-core\\xet_client\\src\\cas_client\\remote_client.rs","line_number":214}
{"timestamp":"2026-09-18T09:43:58.129288Z","level":"INFO","fields":{"message":"Retry strategy","retry":"RetryWrapper { max_attempts: 5, base_delay: 3s, max_duration: 360s, no_retry_on_429: false, retry_on_403: false, expected_416: true, expected_404: false, log_errors_as_info: false, api_tag: \"cas::get_reconstruction_v2\", has_connection_permit: false }"},"filename":"D:\\a\\xet-core\\xet-core\\xet_client\\src\\cas_client\\retry_wrapper.rs","line_number":274}
{"timestamp":"2026-09-18T09:43:58.129406Z","level":"INFO","fields":{"message":"Retry strategy","retry":"RetryWrapper { max_attempts: 5, base_delay: 3s, max_duration: 360s, no_retry_on_429: false, retry_on_403: true, expected_416: false, expected_404: false, log_errors_as_info: false, api_tag: \"s3::get_range\", has_connection_permit: true }"},"filename":"D:\\a\\xet-core\\xet-core\\xet_client\\src\\cas_client\\retry_wrapper.rs","line_number":274}
{"timestamp":"2026-09-18T09:43:58.129499Z","level":"INFO","fields":{"message":"Retry strategy","retry":"RetryWrapper { max_attempts: 5, base_delay: 3s, max_duration: 360s, no_retry_on_429: false, retry_on_403: true, expected_416: false, expected_404: false, log_errors_as_info: false, api_tag: \"s3::get_range\", has_connection_permit: true }"},"filename":"D:\\a\\xet-core\\xet-core\\xet_client\\src\\cas_client\\retry_wrapper.rs","line_number":274}
{"timestamp":"2026-09-18T09:43:58.129502Z","level":"INFO","fields":{"message":"Retry strategy","retry":"RetryWrapper { max_attempts: 5, base_delay: 3s, max_duration: 360s, no_retry_on_429: false, retry_on_403: true, expected_416: false, expected_404: false, log_errors_as_info: false, api_tag: \"s3::get_range\", has_connection_permit: true }"},"filename":"D:\\a\\xet-core\\xet-core\\xet_client\\src\\cas_client\\retry_wrapper.rs","line_number":274}
{"timestamp":"2026-09-18T09:43:58.416983Z","level":"INFO","fields":{"message":"Completed get_reconstruction API call","call_id":3,"file_id":"be9eb4387fbda28c3f67dc5f0e68a3bf381d15e5aa3e1a51559db2f08f931626","bytes_range":"Some(Range { start: 256000000, end: 768000000 })","api_version":"v2"},"filename":"D:\\a\\xet-core\\xet-core\\xet_client\\src\\cas_client\\remote_client.rs","line_number":238}
{"timestamp":"2026-09-18T09:43:58.417286Z","level":"INFO","fields":{"message":"Received block of file terms from prefetch queue","file_hash":"be9eb4387fbda28c3f67dc5f0e68a3bf381d15e5aa3e1a51559db2f08f931626","domain":"us.aws.cdn.hf.co","block_start":256000000,"block_end":768000000,"block_size":209},"filename":"D:\\a\\xet-core\\xet-core\\xet_data\\src\\file_reconstruction\\reconstruction_terms\\manager.rs","line_number":156}
{"timestamp":"2026-09-18T09:43:58.417768Z","level":"INFO","fields":{"message":"Updated completion rate estimate based on previous block completion time (seconds).","file_hash":"be9eb4387fbda28c3f67dc5f0e68a3bf381d15e5aa3e1a51559db2f08f931626","block_start":256000000,"block_end":768000000,"block_size":512000000,"completion_time":0.0004809},"filename":"D:\\a\\xet-core\\xet-core\\xet_data\\src\\file_reconstruction\\reconstruction_terms\\manager.rs","line_number":109}
{"timestamp":"2026-09-18T09:43:58.417784Z","level":"INFO","fields":{"message":"Scheduling prefetch block","file_hash":"be9eb4387fbda28c3f67dc5f0e68a3bf381d15e5aa3e1a51559db2f08f931626","prefetch_range":"(9024000000, 17024000000)","requested_block_size":8000000000,"actual_block_size":8000000000,"queue_depth":3},"filename":"D:\\a\\xet-core\\xet-core\\xet_data\\src\\file_reconstruction\\reconstruction_terms\\manager.rs","line_number":277}
{"timestamp":"2026-09-18T09:43:58.417813Z","level":"INFO","fields":{"message":"Received block of file terms from prefetch queue","file_hash":"be9eb4387fbda28c3f67dc5f0e68a3bf381d15e5aa3e1a51559db2f08f931626","domain":"us.aws.cdn.hf.co","block_start":768000000,"block_end":1024000000,"block_size":5},"filename":"D:\\a\\xet-core\\xet-core\\xet_data\\src\\file_reconstruction\\reconstruction_terms\\manager.rs","line_number":156}
{"timestamp":"2026-09-18T09:43:58.417841Z","level":"INFO","fields":{"message":"Updated completion rate estimate based on previous block completion time (seconds).","file_hash":"be9eb4387fbda28c3f67dc5f0e68a3bf381d15e5aa3e1a51559db2f08f931626","block_start":768000000,"block_end":1024000000,"block_size":256000000,"completion_time":0.0000276},"filename":"D:\\a\\xet-core\\xet-core\\xet_data\\src\\file_reconstruction\\reconstruction_terms\\manager.rs","line_number":109}
{"timestamp":"2026-09-18T09:43:58.417851Z","level":"INFO","fields":{"message":"Scheduling prefetch block","file_hash":"be9eb4387fbda28c3f67dc5f0e68a3bf381d15e5aa3e1a51559db2f08f931626","prefetch_range":"(17024000000, 25024000000)","requested_block_size":8000000000,"actual_block_size":8000000000,"queue_depth":3},"filename":"D:\\a\\xet-core\\xet-core\\xet_data\\src\\file_reconstruction\\reconstruction_terms\\manager.rs","line_number":277}
{"timestamp":"2026-09-18T09:43:58.417866Z","level":"INFO","fields":{"message":"Starting get_reconstruction API call","call_id":6,"file_id":"be9eb4387fbda28c3f67dc5f0e68a3bf381d15e5aa3e1a51559db2f08f931626","bytes_range":"Some(Range { start: 17024000000, end: 25024000000 })","api_version":"v2"},"filename":"D:\\a\\xet-core\\xet-core\\xet_client\\src\\cas_client\\remote_client.rs","line_number":214}
{"timestamp":"2026-09-18T09:43:58.417867Z","level":"INFO","fields":{"message":"Starting get_reconstruction API call","call_id":5,"file_id":"be9eb4387fbda28c3f67dc5f0e68a3bf381d15e5aa3e1a51559db2f08f931626","bytes_range":"Some(Range { start: 9024000000, end: 17024000000 })","api_version":"v2"},"filename":"D:\\a\\xet-core\\xet-core\\xet_client\\src\\cas_client\\remote_client.rs","line_number":214}
{"timestamp":"2026-09-18T09:43:58.417877Z","level":"INFO","fields":{"message":"Retry strategy","retry":"RetryWrapper { max_attempts: 5, base_delay: 3s, max_duration: 360s, no_retry_on_429: false, retry_on_403: false, expected_416: true, expected_404: false, log_errors_as_info: false, api_tag: \"cas::get_reconstruction_v2\", has_connection_permit: false }"},"filename":"D:\\a\\xet-core\\xet-core\\xet_client\\src\\cas_client\\retry_wrapper.rs","line_number":274}
{"timestamp":"2026-09-18T09:43:58.417883Z","level":"INFO","fields":{"message":"Retry strategy","retry":"RetryWrapper { max_attempts: 5, base_delay: 3s, max_duration: 360s, no_retry_on_429: false, retry_on_403: false, expected_416: true, expected_404: false, log_errors_as_info: false, api_tag: \"cas::get_reconstruction_v2\", has_connection_permit: false }"},"filename":"D:\\a\\xet-core\\xet-core\\xet_client\\src\\cas_client\\retry_wrapper.rs","line_number":274}
{"timestamp":"2026-09-18T09:43:58.620188Z","level":"INFO","fields":{"message":"Received CAS response","request_id":"01M2SYCS5FF65E4SGB79N9FZKE","status_code":206},"filename":"D:\\a\\xet-core\\xet-core\\xet_client\\src\\common\\http_client.rs","line_number":288}
{"timestamp":"2026-09-18T09:43:58.620251Z","level":"INFO","fields":{"message":"Request Success: s3::get_range api call succeeded (request id 01M2SYCS5FF65E4SGB79N9FZKE)."},"filename":"D:\\a\\xet-core\\xet-core\\xet_client\\src\\cas_client\\retry_wrapper.rs","line_number":237}
{"timestamp":"2026-09-18T09:43:58.623871Z","level":"INFO","fields":{"message":"Received CAS response","request_id":"01M2SYCS5F9547SCD8XDAPXHGK","status_code":206},"filename":"D:\\a\\xet-core\\xet-core\\xet_client\\src\\common\\http_client.rs","line_number":288}
{"timestamp":"2026-09-18T09:43:58.623901Z","level":"INFO","fields":{"message":"Request Success: s3::get_range api call succeeded (request id 01M2SYCS5F9547SCD8XDAPXHGK)."},"filename":"D:\\a\\xet-core\\xet-core\\xet_client\\src\\cas_client\\retry_wrapper.rs","line_number":237}
{"timestamp":"2026-09-18T09:43:58.624126Z","level":"INFO","fields":{"message":"Retry strategy","retry":"RetryWrapper { max_attempts: 5, base_delay: 3s, max_duration: 360s, no_retry_on_429: false, retry_on_403: true, expected_416: false, expected_404: false, log_errors_as_info: false, api_tag: \"s3::get_range\", has_connection_permit: true }"},"filename":"D:\\a\\xet-core\\xet-core\\xet_client\\src\\cas_client\\retry_wrapper.rs","line_number":274}
{"timestamp":"2026-09-18T09:43:58.625539Z","level":"INFO","fields":{"message":"Received CAS response","request_id":"01M2SYCS5FNED2GWQWBVTXG32F","status_code":206},"filename":"D:\\a\\xet-core\\xet-core\\xet_client\\src\\common\\http_client.rs","line_number":288}
{"timestamp":"2026-09-18T09:43:58.625560Z","level":"INFO","fields":{"message":"Request Success: s3::get_range api call succeeded (request id 01M2SYCS5FNED2GWQWBVTXG32F)."},"filename":"D:\\a\\xet-core\\xet-core\\xet_client\\src\\cas_client\\retry_wrapper.rs","line_number":237}
{"timestamp":"2026-09-18T09:43:58.625700Z","level":"INFO","fields":{"message":"Received CAS response","request_id":"01M2SYCS5G7GW63880Q2Y0F846","status_code":206},"filename":"D:\\a\\xet-core\\xet-core\\xet_client\\src\\common\\http_client.rs","line_number":288}
{"timestamp":"2026-09-18T09:43:58.625721Z","level":"INFO","fields":{"message":"Request Success: s3::get_range api call succeeded (request id 01M2SYCS5G7GW63880Q2Y0F846)."},"filename":"D:\\a\\xet-core\\xet-core\\xet_client\\src\\cas_client\\retry_wrapper.rs","line_number":237}
{"timestamp":"2026-09-18T09:43:58.723944Z","level":"INFO","fields":{"message":"Received CAS response","request_id":"01M2SYCS61FWRMK3XNHCYDETAQ","status_code":416},"filename":"D:\\a\\xet-core\\xet-core\\xet_client\\src\\common\\http_client.rs","line_number":288}
{"timestamp":"2026-09-18T09:43:58.724009Z","level":"INFO","fields":{"message":"Reached end of reconstruction 416 (Range Not Satisfiable): \"cas::get_reconstruction_v2\" api call failed (request id 01M2SYCS61FWRMK3XNHCYDETAQ): HTTP status client error (416 Range Not Satisfiable) for url (https://cas-server.xethub.hf.co/v2/reconstructions/be9eb4387fbda28c3f67dc5f0e68a3bf381d15e5aa3e1a51559db2f08f931626)"},"filename":"D:\\a\\xet-core\\xet-core\\xet_client\\src\\cas_client\\retry_wrapper.rs","line_number":189}
{"timestamp":"2026-09-18T09:43:58.734019Z","level":"INFO","fields":{"message":"Received CAS response","request_id":"01M2SYCS9GG8C5VHTJP1ECE5CQ","status_code":206},"filename":"D:\\a\\xet-core\\xet-core\\xet_client\\src\\common\\http_client.rs","line_number":288}
{"timestamp":"2026-09-18T09:43:58.734065Z","level":"INFO","fields":{"message":"Request Success: s3::get_range api call succeeded (request id 01M2SYCS9GG8C5VHTJP1ECE5CQ)."},"filename":"D:\\a\\xet-core\\xet-core\\xet_client\\src\\cas_client\\retry_wrapper.rs","line_number":237}
{"timestamp":"2026-09-18T09:43:58.824326Z","level":"INFO","fields":{"message":"Retry strategy","retry":"RetryWrapper { max_attempts: 5, base_delay: 3s, max_duration: 360s, no_retry_on_429: false, retry_on_403: true, expected_416: false, expected_404: false, log_errors_as_info: false, api_tag: \"s3::get_range\", has_connection_permit: true }"},"filename":"D:\\a\\xet-core\\xet-core\\xet_client\\src\\cas_client\\retry_wrapper.rs","line_number":274}
{"timestamp":"2026-09-18T09:43:58.873566Z","level":"INFO","fields":{"message":"Received CAS response","request_id":"01M2SYCSFR60CRM8BAX7XSKXG7","status_code":206},"filename":"D:\\a\\xet-core\\xet-core\\xet_client\\src\\common\\http_client.rs","line_number":288}
{"timestamp":"2026-09-18T09:43:58.873600Z","level":"INFO","fields":{"message":"Request Success: s3::get_range api call succeeded (request id 01M2SYCSFR60CRM8BAX7XSKXG7)."},"filename":"D:\\a\\xet-core\\xet-core\\xet_client\\src\\cas_client\\retry_wrapper.rs","line_number":237}
{"timestamp":"2026-09-18T09:43:58.899953Z","level":"INFO","fields":{"message":"Received CAS response","request_id":"01M2SYCS5ZR1SCDSNC00AEFNGZ","status_code":200},"filename":"D:\\a\\xet-core\\xet-core\\xet_client\\src\\common\\http_client.rs","line_number":288}
{"timestamp":"2026-09-18T09:43:58.899990Z","level":"INFO","fields":{"message":"Request Success: cas::get_reconstruction_v2 api call succeeded (request id 01M2SYCS5ZR1SCDSNC00AEFNGZ)."},"filename":"D:\\a\\xet-core\\xet-core\\xet_client\\src\\cas_client\\retry_wrapper.rs","line_number":237}
{"timestamp":"2026-09-18T09:43:59.195481Z","level":"INFO","fields":{"message":"Retry strategy","retry":"RetryWrapper { max_attempts: 5, base_delay: 3s, max_duration: 360s, no_retry_on_429: false, retry_on_403: true, expected_416: false, expected_404: false, log_errors_as_info: false, api_tag: \"s3::get_range\", has_connection_permit: true }"},"filename":"D:\\a\\xet-core\\xet-core\\xet_client\\src\\cas_client\\retry_wrapper.rs","line_number":274}
{"timestamp":"2026-09-18T09:43:59.204886Z","level":"INFO","fields":{"message":"Retry strategy","retry":"RetryWrapper { max_attempts: 5, base_delay: 3s, max_duration: 360s, no_retry_on_429: false, retry_on_403: true, expected_416: false, expected_404: false, log_errors_as_info: false, api_tag: \"s3::get_range\", has_connection_permit: true }"},"filename":"D:\\a\\xet-core\\xet-core\\xet_client\\src\\cas_client\\retry_wrapper.rs","line_number":274}
{"timestamp":"2026-09-18T09:43:59.242132Z","level":"INFO","fields":{"message":"Received CAS response","request_id":"01M2SYCSVB0G1VSP93AKWKGHFA","status_code":206},"filename":"D:\\a\\xet-core\\xet-core\\xet_client\\src\\common\\http_client.rs","line_number":288}
{"timestamp":"2026-09-18T09:43:59.242162Z","level":"INFO","fields":{"message":"Request Success: s3::get_range api call succeeded (request id 01M2SYCSVB0G1VSP93AKWKGHFA)."},"filename":"D:\\a\\xet-core\\xet-core\\xet_client\\src\\cas_client\\retry_wrapper.rs","line_number":237}
{"timestamp":"2026-09-18T09:43:59.249465Z","level":"INFO","fields":{"message":"Received CAS response","request_id":"01M2SYCSVNCY3NHTB6YY5ZSHC0","status_code":206},"filename":"D:\\a\\xet-core\\xet-core\\xet_client\\src\\common\\http_client.rs","line_number":288}
{"timestamp":"2026-09-18T09:43:59.249492Z","level":"INFO","fields":{"message":"Request Success: s3::get_range api call succeeded (request id 01M2SYCSVNCY3NHTB6YY5ZSHC0)."},"filename":"D:\\a\\xet-core\\xet-core\\xet_client\\src\\cas_client\\retry_wrapper.rs","line_number":237}
{"timestamp":"2026-09-18T09:43:59.485868Z","level":"INFO","fields":{"message":"Retry strategy","retry":"RetryWrapper { max_attempts: 5, base_delay: 3s, max_duration: 360s, no_retry_on_429: false, retry_on_403: true, expected_416: false, expected_404: false, log_errors_as_info: false, api_tag: \"s3::get_range\", has_connection_permit: true }"},"filename":"D:\\a\\xet-core\\xet-core\\xet_client\\src\\cas_client\\retry_wrapper.rs","line_number":274}
{"timestamp":"2026-09-18T09:43:59.597165Z","level":"INFO","fields":{"message":"Received CAS response","request_id":"01M2SYCT4DVS0NB53G56HJATDF","status_code":206},"filename":"D:\\a\\xet-core\\xet-core\\xet_client\\src\\common\\http_client.rs","line_number":288}
{"timestamp":"2026-09-18T09:43:59.597198Z","level":"INFO","fields":{"message":"Request Success: s3::get_range api call succeeded (request id 01M2SYCT4DVS0NB53G56HJATDF)."},"filename":"D:\\a\\xet-core\\xet-core\\xet_client\\src\\cas_client\\retry_wrapper.rs","line_number":237}
{"timestamp":"2026-09-18T09:43:59.872128Z","level":"INFO","fields":{"message":"Completed get_reconstruction API call","call_id":5,"file_id":"be9eb4387fbda28c3f67dc5f0e68a3bf381d15e5aa3e1a51559db2f08f931626","bytes_range":"Some(Range { start: 9024000000, end: 17024000000 })","api_version":"v2"},"filename":"D:\\a\\xet-core\\xet-core\\xet_client\\src\\cas_client\\remote_client.rs","line_number":238}
{"timestamp":"2026-09-18T09:44:00.134231Z","level":"INFO","fields":{"message":"Retry strategy","retry":"RetryWrapper { max_attempts: 5, base_delay: 3s, max_duration: 360s, no_retry_on_429: false, retry_on_403: true, expected_416: false, expected_404: false, log_errors_as_info: false, api_tag: \"s3::get_range\", has_connection_permit: true }"},"filename":"D:\\a\\xet-core\\xet-core\\xet_client\\src\\cas_client\\retry_wrapper.rs","line_number":274}
{"timestamp":"2026-09-18T09:44:00.232709Z","level":"INFO","fields":{"message":"Received CAS response","request_id":"01M2SYCTRQ4K1986SJY88B8WZ6","status_code":206},"filename":"D:\\a\\xet-core\\xet-core\\xet_client\\src\\common\\http_client.rs","line_number":288}
{"timestamp":"2026-09-18T09:44:00.232740Z","level":"INFO","fields":{"message":"Request Success: s3::get_range api call succeeded (request id 01M2SYCTRQ4K1986SJY88B8WZ6)."},"filename":"D:\\a\\xet-core\\xet-core\\xet_client\\src\\cas_client\\retry_wrapper.rs","line_number":237}
{"timestamp":"2026-09-18T09:44:00.353644Z","level":"INFO","fields":{"message":"Retry strategy","retry":"RetryWrapper { max_attempts: 5, base_delay: 3s, max_duration: 360s, no_retry_on_429: false, retry_on_403: true, expected_416: false, expected_404: false, log_errors_as_info: false, api_tag: \"s3::get_range\", has_connection_permit: true }"},"filename":"D:\\a\\xet-core\\xet-core\\xet_client\\src\\cas_client\\retry_wrapper.rs","line_number":274}
{"timestamp":"2026-09-18T09:44:00.457615Z","level":"INFO","fields":{"message":"Received CAS response","request_id":"01M2SYCTZH40A3KNG5N0KSW93V","status_code":206},"filename":"D:\\a\\xet-core\\xet-core\\xet_client\\src\\common\\http_client.rs","line_number":288}
{"timestamp":"2026-09-18T09:44:00.457647Z","level":"INFO","fields":{"message":"Request Success: s3::get_range api call succeeded (request id 01M2SYCTZH40A3KNG5N0KSW93V)."},"filename":"D:\\a\\xet-core\\xet-core\\xet_client\\src\\cas_client\\retry_wrapper.rs","line_number":237}
{"timestamp":"2026-09-18T09:44:00.478570Z","level":"INFO","fields":{"message":"Received CAS response","request_id":"01M2SYCRWYH66X1XQZ1GJ3SGXE","status_code":200},"filename":"D:\\a\\xet-core\\xet-core\\xet_client\\src\\common\\http_client.rs","line_number":288}
{"timestamp":"2026-09-18T09:44:00.478609Z","level":"INFO","fields":{"message":"Request Success: cas::get_reconstruction_v2 api call succeeded (request id 01M2SYCRWYH66X1XQZ1GJ3SGXE)."},"filename":"D:\\a\\xet-core\\xet-core\\xet_client\\src\\cas_client\\retry_wrapper.rs","line_number":237}
{"timestamp":"2026-09-18T09:44:00.630027Z","level":"INFO","fields":{"message":"Retry strategy","retry":"RetryWrapper { max_attempts: 5, base_delay: 3s, max_duration: 360s, no_retry_on_429: false, retry_on_403: true, expected_416: false, expected_404: false, log_errors_as_info: false, api_tag: \"s3::get_range\", has_connection_permit: true }"},"filename":"D:\\a\\xet-core\\xet-core\\xet_client\\src\\cas_client\\retry_wrapper.rs","line_number":274}
{"timestamp":"2026-09-18T09:44:00.733803Z","level":"INFO","fields":{"message":"Received CAS response","request_id":"01M2SYCV86DV8FM9HPKHQ2D2F1","status_code":206},"filename":"D:\\a\\xet-core\\xet-core\\xet_client\\src\\common\\http_client.rs","line_number":288}
{"timestamp":"2026-09-18T09:44:00.733835Z","level":"INFO","fields":{"message":"Request Success: s3::get_range api call succeeded (request id 01M2SYCV86DV8FM9HPKHQ2D2F1)."},"filename":"D:\\a\\xet-core\\xet-core\\xet_client\\src\\cas_client\\retry_wrapper.rs","line_number":237}
{"timestamp":"2026-09-18T09:44:00.875078Z","level":"INFO","fields":{"message":"Concurrency control for download: Increased concurrency from 4 to 5; reason: success ratio 1.000 is above threshold 0.800 and predicted RTT for 16MB at new concurrency is 2.05s < target 60.0s"},"filename":"D:\\a\\xet-core\\xet-core\\xet_client\\src\\cas_client\\adaptive_concurrency\\controller.rs","line_number":548}
{"timestamp":"2026-09-18T09:44:00.875131Z","level":"INFO","fields":{"message":"Retry strategy","retry":"RetryWrapper { max_attempts: 5, base_delay: 3s, max_duration: 360s, no_retry_on_429: false, retry_on_403: true, expected_416: false, expected_404: false, log_errors_as_info: false, api_tag: \"s3::get_range\", has_connection_permit: true }"},"filename":"D:\\a\\xet-core\\xet-core\\xet_client\\src\\cas_client\\retry_wrapper.rs","line_number":274}
{"timestamp":"2026-09-18T09:44:01.050027Z","level":"INFO","fields":{"message":"Retry strategy","retry":"RetryWrapper { max_attempts: 5, base_delay: 3s, max_duration: 360s, no_retry_on_429: false, retry_on_403: true, expected_416: false, expected_404: false, log_errors_as_info: false, api_tag: \"s3::get_range\", has_connection_permit: true }"},"filename":"D:\\a\\xet-core\\xet-core\\xet_client\\src\\cas_client\\retry_wrapper.rs","line_number":274}
{"timestamp":"2026-09-18T09:44:01.151971Z","level":"INFO","fields":{"message":"Received CAS response","request_id":"01M2SYCVN9Z5PWZH9SB0WKW5KN","status_code":206},"filename":"D:\\a\\xet-core\\xet-core\\xet_client\\src\\common\\http_client.rs","line_number":288}
{"timestamp":"2026-09-18T09:44:01.151998Z","level":"INFO","fields":{"message":"Request Success: s3::get_range api call succeeded (request id 01M2SYCVN9Z5PWZH9SB0WKW5KN)."},"filename":"D:\\a\\xet-core\\xet-core\\xet_client\\src\\cas_client\\retry_wrapper.rs","line_number":237}
{"timestamp":"2026-09-18T09:44:01.291065Z","level":"INFO","fields":{"message":"Received CAS response","request_id":"01M2SYCVRCW8RPC1GM2XZ0JFD0","status_code":206},"filename":"D:\\a\\xet-core\\xet-core\\xet_client\\src\\common\\http_client.rs","line_number":288}
{"timestamp":"2026-09-18T09:44:01.291096Z","level":"INFO","fields":{"message":"Request Success: s3::get_range api call succeeded (request id 01M2SYCVRCW8RPC1GM2XZ0JFD0)."},"filename":"D:\\a\\xet-core\\xet-core\\xet_client\\src\\cas_client\\retry_wrapper.rs","line_number":237}
{"timestamp":"2026-09-18T09:44:01.291288Z","level":"INFO","fields":{"message":"Retry strategy","retry":"RetryWrapper { max_attempts: 5, base_delay: 3s, max_duration: 360s, no_retry_on_429: false, retry_on_403: true, expected_416: false, expected_404: false, log_errors_as_info: false, api_tag: \"s3::get_range\", has_connection_permit: true }"},"filename":"D:\\a\\xet-core\\xet-core\\xet_client\\src\\cas_client\\retry_wrapper.rs","line_number":274}
{"timestamp":"2026-09-18T09:44:01.441079Z","level":"INFO","fields":{"message":"Received CAS response","request_id":"01M2SYCVWVRCE2WTE2HMP4TNQG","status_code":206},"filename":"D:\\a\\xet-core\\xet-core\\xet_client\\src\\common\\http_client.rs","line_number":288}
{"timestamp":"2026-09-18T09:44:01.441114Z","level":"INFO","fields":{"message":"Request Success: s3::get_range api call succeeded (request id 01M2SYCVWVRCE2WTE2HMP4TNQG)."},"filename":"D:\\a\\xet-core\\xet-core\\xet_client\\src\\cas_client\\retry_wrapper.rs","line_number":237}
{"timestamp":"2026-09-18T09:44:01.441154Z","level":"INFO","fields":{"message":"Concurrency control for download: Increased concurrency from 5 to 6; reason: success ratio 1.000 is above threshold 0.800 and predicted RTT for 19MB at new concurrency is 4.33s < target 60.0s"},"filename":"D:\\a\\xet-core\\xet-core\\xet_client\\src\\cas_client\\adaptive_concurrency\\controller.rs","line_number":548}
{"timestamp":"2026-09-18T09:44:01.441203Z","level":"INFO","fields":{"message":"Retry strategy","retry":"RetryWrapper { max_attempts: 5, base_delay: 3s, max_duration: 360s, no_retry_on_429: false, retry_on_403: true, expected_416: false, expected_404: false, log_errors_as_info: false, api_tag: \"s3::get_range\", has_connection_permit: true }"},"filename":"D:\\a\\xet-core\\xet-core\\xet_client\\src\\cas_client\\retry_wrapper.rs","line_number":274}
{"timestamp":"2026-09-18T09:44:01.441277Z","level":"INFO","fields":{"message":"Retry strategy","retry":"RetryWrapper { max_attempts: 5, base_delay: 3s, max_duration: 360s, no_retry_on_429: false, retry_on_403: true, expected_416: false, expected_404: false, log_errors_as_info: false, api_tag: \"s3::get_range\", has_connection_permit: true }"},"filename":"D:\\a\\xet-core\\xet-core\\xet_client\\src\\cas_client\\retry_wrapper.rs","line_number":274}
{"timestamp":"2026-09-18T09:44:01.817364Z","level":"INFO","fields":{"message":"Received CAS response","request_id":"01M2SYCW1K4J0S7PXHTCWK1SXK","status_code":206},"filename":"D:\\a\\xet-core\\xet-core\\xet_client\\src\\common\\http_client.rs","line_number":288}
{"timestamp":"2026-09-18T09:44:01.817406Z","level":"INFO","fields":{"message":"Request Success: s3::get_range api call succeeded (request id 01M2SYCW1K4J0S7PXHTCWK1SXK)."},"filename":"D:\\a\\xet-core\\xet-core\\xet_client\\src\\cas_client\\retry_wrapper.rs","line_number":237}
{"timestamp":"2026-09-18T09:44:01.819211Z","level":"INFO","fields":{"message":"Received CAS response","request_id":"01M2SYCW1J5P5K0J7QKE78Q6KH","status_code":206},"filename":"D:\\a\\xet-core\\xet-core\\xet_client\\src\\common\\http_client.rs","line_number":288}
{"timestamp":"2026-09-18T09:44:01.819229Z","level":"INFO","fields":{"message":"Request Success: s3::get_range api call succeeded (request id 01M2SYCW1J5P5K0J7QKE78Q6KH)."},"filename":"D:\\a\\xet-core\\xet-core\\xet_client\\src\\cas_client\\retry_wrapper.rs","line_number":237}
{"timestamp":"2026-09-18T09:44:01.904209Z","level":"INFO","fields":{"message":"Retry strategy","retry":"RetryWrapper { max_attempts: 5, base_delay: 3s, max_duration: 360s, no_retry_on_429: false, retry_on_403: true, expected_416: false, expected_404: false, log_errors_as_info: false, api_tag: \"s3::get_range\", has_connection_permit: true }"},"filename":"D:\\a\\xet-core\\xet-core\\xet_client\\src\\cas_client\\retry_wrapper.rs","line_number":274}
{"timestamp":"2026-09-18T09:44:01.948444Z","level":"INFO","fields":{"message":"Received CAS response","request_id":"01M2SYCWG1MM70Z86EEXV7EZ6H","status_code":206},"filename":"D:\\a\\xet-core\\xet-core\\xet_client\\src\\common\\http_client.rs","line_number":288}
{"timestamp":"2026-09-18T09:44:01.948476Z","level":"INFO","fields":{"message":"Request Success: s3::get_range api call succeeded (request id 01M2SYCWG1MM70Z86EEXV7EZ6H)."},"filename":"D:\\a\\xet-core\\xet-core\\xet_client\\src\\cas_client\\retry_wrapper.rs","line_number":237}
{"timestamp":"2026-09-18T09:44:01.951657Z","level":"INFO","fields":{"message":"Concurrency control for download: Increased concurrency from 6 to 7; reason: success ratio 1.000 is above threshold 0.800 and predicted RTT for 26MB at new concurrency is 13.63s < target 60.0s"},"filename":"D:\\a\\xet-core\\xet-core\\xet_client\\src\\cas_client\\adaptive_concurrency\\controller.rs","line_number":548}
{"timestamp":"2026-09-18T09:44:01.951728Z","level":"INFO","fields":{"message":"Retry strategy","retry":"RetryWrapper { max_attempts: 5, base_delay: 3s, max_duration: 360s, no_retry_on_429: false, retry_on_403: true, expected_416: false, expected_404: false, log_errors_as_info: false, api_tag: \"s3::get_range\", has_connection_permit: true }"},"filename":"D:\\a\\xet-core\\xet-core\\xet_client\\src\\cas_client\\retry_wrapper.rs","line_number":274}
{"timestamp":"2026-09-18T09:44:02.008047Z","level":"INFO","fields":{"message":"Retry strategy","retry":"RetryWrapper { max_attempts: 5, base_delay: 3s, max_duration: 360s, no_retry_on_429: false, retry_on_403: true, expected_416: false, expected_404: false, log_errors_as_info: false, api_tag: \"s3::get_range\", has_connection_permit: true }"},"filename":"D:\\a\\xet-core\\xet-core\\xet_client\\src\\cas_client\\retry_wrapper.rs","line_number":274}
{"timestamp":"2026-09-18T09:44:02.070402Z","level":"INFO","fields":{"message":"Completed get_reconstruction API call","call_id":4,"file_id":"be9eb4387fbda28c3f67dc5f0e68a3bf381d15e5aa3e1a51559db2f08f931626","bytes_range":"Some(Range { start: 1024000000, end: 9024000000 })","api_version":"v2"},"filename":"D:\\a\\xet-core\\xet-core\\xet_client\\src\\cas_client\\remote_client.rs","line_number":238}
{"timestamp":"2026-09-18T09:44:02.070647Z","level":"INFO","fields":{"message":"Received block of file terms from prefetch queue","file_hash":"be9eb4387fbda28c3f67dc5f0e68a3bf381d15e5aa3e1a51559db2f08f931626","domain":"us.aws.cdn.hf.co","block_start":1024000000,"block_end":9024000000,"block_size":186},"filename":"D:\\a\\xet-core\\xet-core\\xet_data\\src\\file_reconstruction\\reconstruction_terms\\manager.rs","line_number":156}
{"timestamp":"2026-09-18T09:44:02.073485Z","level":"INFO","fields":{"message":"Received CAS response","request_id":"01M2SYCWK798RW3PMJDDX5RBNQ","status_code":206},"filename":"D:\\a\\xet-core\\xet-core\\xet_client\\src\\common\\http_client.rs","line_number":288}
{"timestamp":"2026-09-18T09:44:02.073511Z","level":"INFO","fields":{"message":"Request Success: s3::get_range api call succeeded (request id 01M2SYCWK798RW3PMJDDX5RBNQ)."},"filename":"D:\\a\\xet-core\\xet-core\\xet_client\\src\\cas_client\\retry_wrapper.rs","line_number":237}
{"timestamp":"2026-09-18T09:44:02.190026Z","level":"INFO","fields":{"message":"Received CAS response","request_id":"01M2SYCWNCJGMNTY6CD67ZH9HQ","status_code":206},"filename":"D:\\a\\xet-core\\xet-core\\xet_client\\src\\common\\http_client.rs","line_number":288}
{"timestamp":"2026-09-18T09:44:02.190058Z","level":"INFO","fields":{"message":"Request Success: s3::get_range api call succeeded (request id 01M2SYCWNCJGMNTY6CD67ZH9HQ)."},"filename":"D:\\a\\xet-core\\xet-core\\xet_client\\src\\cas_client\\retry_wrapper.rs","line_number":237}
{"timestamp":"2026-09-18T09:44:02.262970Z","level":"INFO","fields":{"message":"Retry strategy","retry":"RetryWrapper { max_attempts: 5, base_delay: 3s, max_duration: 360s, no_retry_on_429: false, retry_on_403: true, expected_416: false, expected_404: false, log_errors_as_info: false, api_tag: \"s3::get_range\", has_connection_permit: true }"},"filename":"D:\\a\\xet-core\\xet-core\\xet_client\\src\\cas_client\\retry_wrapper.rs","line_number":274}
{"timestamp":"2026-09-18T09:44:02.416369Z","level":"INFO","fields":{"message":"Received CAS response","request_id":"01M2SYCWV6HW93MJ0X0DCXTM66","status_code":206},"filename":"D:\\a\\xet-core\\xet-core\\xet_client\\src\\common\\http_client.rs","line_number":288}
{"timestamp":"2026-09-18T09:44:02.416395Z","level":"INFO","fields":{"message":"Request Success: s3::get_range api call succeeded (request id 01M2SYCWV6HW93MJ0X0DCXTM66)."},"filename":"D:\\a\\xet-core\\xet-core\\xet_client\\src\\cas_client\\retry_wrapper.rs","line_number":237}
{"timestamp":"2026-09-18T09:44:02.453035Z","level":"INFO","fields":{"message":"Concurrency control for download: Increased concurrency from 7 to 8; reason: success ratio 1.000 is above threshold 0.800 and predicted RTT for 31MB at new concurrency is 15.56s < target 60.0s"},"filename":"D:\\a\\xet-core\\xet-core\\xet_client\\src\\cas_client\\adaptive_concurrency\\controller.rs","line_number":548}
{"timestamp":"2026-09-18T09:44:02.453095Z","level":"INFO","fields":{"message":"Retry strategy","retry":"RetryWrapper { max_attempts: 5, base_delay: 3s, max_duration: 360s, no_retry_on_429: false, retry_on_403: true, expected_416: false, expected_404: false, log_errors_as_info: false, api_tag: \"s3::get_range\", has_connection_permit: true }"},"filename":"D:\\a\\xet-core\\xet-core\\xet_client\\src\\cas_client\\retry_wrapper.rs","line_number":274}
{"timestamp":"2026-09-18T09:44:02.635536Z","level":"INFO","fields":{"message":"Received CAS response","request_id":"01M2SYCX163D6KMH0Z8839XRCZ","status_code":206},"filename":"D:\\a\\xet-core\\xet-core\\xet_client\\src\\common\\http_client.rs","line_number":288}
{"timestamp":"2026-09-18T09:44:02.635566Z","level":"INFO","fields":{"message":"Request Success: s3::get_range api call succeeded (request id 01M2SYCX163D6KMH0Z8839XRCZ)."},"filename":"D:\\a\\xet-core\\xet-core\\xet_client\\src\\cas_client\\retry_wrapper.rs","line_number":237}
{"timestamp":"2026-09-18T09:44:03.036090Z","level":"INFO","fields":{"message":"Concurrency control for download: Increased concurrency from 8 to 9; reason: success ratio 1.000 is above threshold 0.800 and predicted RTT for 31MB at new concurrency is 17.32s < target 60.0s"},"filename":"D:\\a\\xet-core\\xet-core\\xet_client\\src\\cas_client\\adaptive_concurrency\\controller.rs","line_number":548}
{"timestamp":"2026-09-18T09:44:03.036147Z","level":"INFO","fields":{"message":"Retry strategy","retry":"RetryWrapper { max_attempts: 5, base_delay: 3s, max_duration: 360s, no_retry_on_429: false, retry_on_403: true, expected_416: false, expected_404: false, log_errors_as_info: false, api_tag: \"s3::get_range\", has_connection_permit: true }"},"filename":"D:\\a\\xet-core\\xet-core\\xet_client\\src\\cas_client\\retry_wrapper.rs","line_number":274}
{"timestamp":"2026-09-18T09:44:03.270199Z","level":"INFO","fields":{"message":"Retry strategy","retry":"RetryWrapper { max_attempts: 5, base_delay: 3s, max_duration: 360s, no_retry_on_429: false, retry_on_403: true, expected_416: false, expected_404: false, log_errors_as_info: false, api_tag: \"s3::get_range\", has_connection_permit: true }"},"filename":"D:\\a\\xet-core\\xet-core\\xet_client\\src\\cas_client\\retry_wrapper.rs","line_number":274}
{"timestamp":"2026-09-18T09:44:03.435265Z","level":"INFO","fields":{"message":"Retry strategy","retry":"RetryWrapper { max_attempts: 5, base_delay: 3s, max_duration: 360s, no_retry_on_429: false, retry_on_403: true, expected_416: false, expected_404: false, log_errors_as_info: false, api_tag: \"s3::get_range\", has_connection_permit: true }"},"filename":"D:\\a\\xet-core\\xet-core\\xet_client\\src\\cas_client\\retry_wrapper.rs","line_number":274}
{"timestamp":"2026-09-18T09:44:03.443650Z","level":"INFO","fields":{"message":"Received CAS response","request_id":"01M2SYCXTP12MCB83ECV9VSY95","status_code":206},"filename":"D:\\a\\xet-core\\xet-core\\xet_client\\src\\common\\http_client.rs","line_number":288}
{"timestamp":"2026-09-18T09:44:03.443671Z","level":"INFO","fields":{"message":"Request Success: s3::get_range api call succeeded (request id 01M2SYCXTP12MCB83ECV9VSY95)."},"filename":"D:\\a\\xet-core\\xet-core\\xet_client\\src\\cas_client\\retry_wrapper.rs","line_number":237}
{"timestamp":"2026-09-18T09:44:03.540255Z","level":"INFO","fields":{"message":"Concurrency control for download: Increased concurrency from 9 to 10; reason: success ratio 1.000 is above threshold 0.800 and predicted RTT for 34MB at new concurrency is 13.87s < target 60.0s"},"filename":"D:\\a\\xet-core\\xet-core\\xet_client\\src\\cas_client\\adaptive_concurrency\\controller.rs","line_number":548}
{"timestamp":"2026-09-18T09:44:03.540308Z","level":"INFO","fields":{"message":"Retry strategy","retry":"RetryWrapper { max_attempts: 5, base_delay: 3s, max_duration: 360s, no_retry_on_429: false, retry_on_403: true, expected_416: false, expected_404: false, log_errors_as_info: false, api_tag: \"s3::get_range\", has_connection_permit: true }"},"filename":"D:\\a\\xet-core\\xet-core\\xet_client\\src\\cas_client\\retry_wrapper.rs","line_number":274}
{"timestamp":"2026-09-18T09:44:03.565934Z","level":"INFO","fields":{"message":"Received CAS response","request_id":"01M2SYCXZTD3EYTWJV1VWN6BRJ","status_code":206},"filename":"D:\\a\\xet-core\\xet-core\\xet_client\\src\\common\\http_client.rs","line_number":288}
{"timestamp":"2026-09-18T09:44:03.565967Z","level":"INFO","fields":{"message":"Request Success: s3::get_range api call succeeded (request id 01M2SYCXZTD3EYTWJV1VWN6BRJ)."},"filename":"D:\\a\\xet-core\\xet-core\\xet_client\\src\\cas_client\\retry_wrapper.rs","line_number":237}
{"timestamp":"2026-09-18T09:44:03.657684Z","level":"INFO","fields":{"message":"Received CAS response","request_id":"01M2SYCY1HV9WHSZV1TK4294B8","status_code":206},"filename":"D:\\a\\xet-core\\xet-core\\xet_client\\src\\common\\http_client.rs","line_number":288}
{"timestamp":"2026-09-18T09:44:03.657716Z","level":"INFO","fields":{"message":"Request Success: s3::get_range api call succeeded (request id 01M2SYCY1HV9WHSZV1TK4294B8)."},"filename":"D:\\a\\xet-core\\xet-core\\xet_client\\src\\cas_client\\retry_wrapper.rs","line_number":237}
{"timestamp":"2026-09-18T09:44:03.742690Z","level":"INFO","fields":{"message":"Retry strategy","retry":"RetryWrapper { max_attempts: 5, base_delay: 3s, max_duration: 360s, no_retry_on_429: false, retry_on_403: true, expected_416: false, expected_404: false, log_errors_as_info: false, api_tag: \"s3::get_range\", has_connection_permit: true }"},"filename":"D:\\a\\xet-core\\xet-core\\xet_client\\src\\cas_client\\retry_wrapper.rs","line_number":274}
{"timestamp":"2026-09-18T09:44:03.746335Z","level":"INFO","fields":{"message":"Received CAS response","request_id":"01M2SYCY3YPW7SWW4ZA01HR8DR","status_code":206},"filename":"D:\\a\\xet-core\\xet-core\\xet_client\\src\\common\\http_client.rs","line_number":288}
{"timestamp":"2026-09-18T09:44:03.746365Z","level":"INFO","fields":{"message":"Request Success: s3::get_range api call succeeded (request id 01M2SYCY3YPW7SWW4ZA01HR8DR)."},"filename":"D:\\a\\xet-core\\xet-core\\xet_client\\src\\cas_client\\retry_wrapper.rs","line_number":237}
{"timestamp":"2026-09-18T09:44:03.874714Z","level":"INFO","fields":{"message":"Received CAS response","request_id":"01M2SYCY9EJEKDVMB01FQ72ZEN","status_code":206},"filename":"D:\\a\\xet-core\\xet-core\\xet_client\\src\\common\\http_client.rs","line_number":288}
{"timestamp":"2026-09-18T09:44:03.874742Z","level":"INFO","fields":{"message":"Request Success: s3::get_range api call succeeded (request id 01M2SYCY9EJEKDVMB01FQ72ZEN)."},"filename":"D:\\a\\xet-core\\xet-core\\xet_client\\src\\cas_client\\retry_wrapper.rs","line_number":237}
{"timestamp":"2026-09-18T09:44:04.076247Z","level":"INFO","fields":{"message":"Concurrency control for download: Increased concurrency from 10 to 11; reason: success ratio 1.000 is above threshold 0.800 and predicted RTT for 42MB at new concurrency is 18.72s < target 60.0s"},"filename":"D:\\a\\xet-core\\xet-core\\xet_client\\src\\cas_client\\adaptive_concurrency\\controller.rs","line_number":548}
{"timestamp":"2026-09-18T09:44:04.076301Z","level":"INFO","fields":{"message":"Retry strategy","retry":"RetryWrapper { max_attempts: 5, base_delay: 3s, max_duration: 360s, no_retry_on_429: false, retry_on_403: true, expected_416: false, expected_404: false, log_errors_as_info: false, api_tag: \"s3::get_range\", has_connection_permit: true }"},"filename":"D:\\a\\xet-core\\xet-core\\xet_client\\src\\cas_client\\retry_wrapper.rs","line_number":274}
{"timestamp":"2026-09-18T09:44:04.234119Z","level":"INFO","fields":{"message":"Received CAS response","request_id":"01M2SYCYKXP9NJ4NJRFHHSRKBS","status_code":206},"filename":"D:\\a\\xet-core\\xet-core\\xet_client\\src\\common\\http_client.rs","line_number":288}
{"timestamp":"2026-09-18T09:44:04.234149Z","level":"INFO","fields":{"message":"Request Success: s3::get_range api call succeeded (request id 01M2SYCYKXP9NJ4NJRFHHSRKBS)."},"filename":"D:\\a\\xet-core\\xet-core\\xet_client\\src\\cas_client\\retry_wrapper.rs","line_number":237}
{"timestamp":"2026-09-18T09:44:04.234970Z","level":"INFO","fields":{"message":"Retry strategy","retry":"RetryWrapper { max_attempts: 5, base_delay: 3s, max_duration: 360s, no_retry_on_429: false, retry_on_403: true, expected_416: false, expected_404: false, log_errors_as_info: false, api_tag: \"s3::get_range\", has_connection_permit: true }"},"filename":"D:\\a\\xet-core\\xet-core\\xet_client\\src\\cas_client\\retry_wrapper.rs","line_number":274}
{"timestamp":"2026-09-18T09:44:04.399663Z","level":"INFO","fields":{"message":"Received CAS response","request_id":"01M2SYCYRY39N64NR999S9R155","status_code":206},"filename":"D:\\a\\xet-core\\xet-core\\xet_client\\src\\common\\http_client.rs","line_number":288}
{"timestamp":"2026-09-18T09:44:04.399699Z","level":"INFO","fields":{"message":"Request Success: s3::get_range api call succeeded (request id 01M2SYCYRY39N64NR999S9R155)."},"filename":"D:\\a\\xet-core\\xet-core\\xet_client\\src\\cas_client\\retry_wrapper.rs","line_number":237}
{"timestamp":"2026-09-18T09:44:04.418764Z","level":"INFO","fields":{"message":"Retry strategy","retry":"RetryWrapper { max_attempts: 5, base_delay: 3s, max_duration: 360s, no_retry_on_429: false, retry_on_403: true, expected_416: false, expected_404: false, log_errors_as_info: false, api_tag: \"s3::get_range\", has_connection_permit: true }"},"filename":"D:\\a\\xet-core\\xet-core\\xet_client\\src\\cas_client\\retry_wrapper.rs","line_number":274}
{"timestamp":"2026-09-18T09:44:04.549332Z","level":"INFO","fields":{"message":"Retry strategy","retry":"RetryWrapper { max_attempts: 5, base_delay: 3s, max_duration: 360s, no_retry_on_429: false, retry_on_403: true, expected_416: false, expected_404: false, log_errors_as_info: false, api_tag: \"s3::get_range\", has_connection_permit: true }"},"filename":"D:\\a\\xet-core\\xet-core\\xet_client\\src\\cas_client\\retry_wrapper.rs","line_number":274}
{"timestamp":"2026-09-18T09:44:04.580362Z","level":"INFO","fields":{"message":"Concurrency control for download: Increased concurrency from 11 to 12; reason: success ratio 1.000 is above threshold 0.800 and predicted RTT for 32MB at new concurrency is 16.87s < target 60.0s"},"filename":"D:\\a\\xet-core\\xet-core\\xet_client\\src\\cas_client\\adaptive_concurrency\\controller.rs","line_number":548}
{"timestamp":"2026-09-18T09:44:04.580466Z","level":"INFO","fields":{"message":"Retry strategy","retry":"RetryWrapper { max_attempts: 5, base_delay: 3s, max_duration: 360s, no_retry_on_429: false, retry_on_403: true, expected_416: false, expected_404: false, log_errors_as_info: false, api_tag: \"s3::get_range\", has_connection_permit: true }"},"filename":"D:\\a\\xet-core\\xet-core\\xet_client\\src\\cas_client\\retry_wrapper.rs","line_number":274}
{"timestamp":"2026-09-18T09:44:04.599442Z","level":"INFO","fields":{"message":"Received CAS response","request_id":"01M2SYCYYJE5AT936SE1CWFDY1","status_code":206},"filename":"D:\\a\\xet-core\\xet-core\\xet_client\\src\\common\\http_client.rs","line_number":288}
{"timestamp":"2026-09-18T09:44:04.599473Z","level":"INFO","fields":{"message":"Request Success: s3::get_range api call succeeded (request id 01M2SYCYYJE5AT936SE1CWFDY1)."},"filename":"D:\\a\\xet-core\\xet-core\\xet_client\\src\\cas_client\\retry_wrapper.rs","line_number":237}
{"timestamp":"2026-09-18T09:44:04.619404Z","level":"INFO","fields":{"message":"Retry strategy","retry":"RetryWrapper { max_attempts: 5, base_delay: 3s, max_duration: 360s, no_retry_on_429: false, retry_on_403: true, expected_416: false, expected_404: false, log_errors_as_info: false, api_tag: \"s3::get_range\", has_connection_permit: true }"},"filename":"D:\\a\\xet-core\\xet-core\\xet_client\\src\\cas_client\\retry_wrapper.rs","line_number":274}
{"timestamp":"2026-09-18T09:44:04.737246Z","level":"INFO","fields":{"message":"Received CAS response","request_id":"01M2SYCZ2NC75J1FMJCFZE879Q","status_code":206},"filename":"D:\\a\\xet-core\\xet-core\\xet_client\\src\\common\\http_client.rs","line_number":288}
{"timestamp":"2026-09-18T09:44:04.737277Z","level":"INFO","fields":{"message":"Request Success: s3::get_range api call succeeded (request id 01M2SYCZ2NC75J1FMJCFZE879Q)."},"filename":"D:\\a\\xet-core\\xet-core\\xet_client\\src\\cas_client\\retry_wrapper.rs","line_number":237}
{"timestamp":"2026-09-18T09:44:04.750964Z","level":"INFO","fields":{"message":"Retry strategy","retry":"RetryWrapper { max_attempts: 5, base_delay: 3s, max_duration: 360s, no_retry_on_429: false, retry_on_403: true, expected_416: false, expected_404: false, log_errors_as_info: false, api_tag: \"s3::get_range\", has_connection_permit: true }"},"filename":"D:\\a\\xet-core\\xet-core\\xet_client\\src\\cas_client\\retry_wrapper.rs","line_number":274}
{"timestamp":"2026-09-18T09:44:04.764806Z","level":"INFO","fields":{"message":"Received CAS response","request_id":"01M2SYCZ3NAH8YBZMQRK9CQZ9D","status_code":206},"filename":"D:\\a\\xet-core\\xet-core\\xet_client\\src\\common\\http_client.rs","line_number":288}
{"timestamp":"2026-09-18T09:44:04.764841Z","level":"INFO","fields":{"message":"Request Success: s3::get_range api call succeeded (request id 01M2SYCZ3NAH8YBZMQRK9CQZ9D)."},"filename":"D:\\a\\xet-core\\xet-core\\xet_client\\src\\cas_client\\retry_wrapper.rs","line_number":237}
{"timestamp":"2026-09-18T09:44:04.764981Z","level":"INFO","fields":{"message":"Retry strategy","retry":"RetryWrapper { max_attempts: 5, base_delay: 3s, max_duration: 360s, no_retry_on_429: false, retry_on_403: true, expected_416: false, expected_404: false, log_errors_as_info: false, api_tag: \"s3::get_range\", has_connection_permit: true }"},"filename":"D:\\a\\xet-core\\xet-core\\xet_client\\src\\cas_client\\retry_wrapper.rs","line_number":274}
{"timestamp":"2026-09-18T09:44:04.808040Z","level":"INFO","fields":{"message":"Received CAS response","request_id":"01M2SYCZ4YHMYTREPMXF8DXR7V","status_code":206},"filename":"D:\\a\\xet-core\\xet-core\\xet_client\\src\\common\\http_client.rs","line_number":288}
{"timestamp":"2026-09-18T09:44:04.808076Z","level":"INFO","fields":{"message":"Request Success: s3::get_range api call succeeded (request id 01M2SYCZ4YHMYTREPMXF8DXR7V)."},"filename":"D:\\a\\xet-core\\xet-core\\xet_client\\src\\cas_client\\retry_wrapper.rs","line_number":237}
{"timestamp":"2026-09-18T09:44:04.853896Z","level":"INFO","fields":{"message":"Retry strategy","retry":"RetryWrapper { max_attempts: 5, base_delay: 3s, max_duration: 360s, no_retry_on_429: false, retry_on_403: true, expected_416: false, expected_404: false, log_errors_as_info: false, api_tag: \"s3::get_range\", has_connection_permit: true }"},"filename":"D:\\a\\xet-core\\xet-core\\xet_client\\src\\cas_client\\retry_wrapper.rs","line_number":274}
{"timestamp":"2026-09-18T09:44:04.893462Z","level":"INFO","fields":{"message":"Received CAS response","request_id":"01M2SYCZ8Y6HAYAWFBPBV9EZ4B","status_code":206},"filename":"D:\\a\\xet-core\\xet-core\\xet_client\\src\\common\\http_client.rs","line_number":288}
{"timestamp":"2026-09-18T09:44:04.893493Z","level":"INFO","fields":{"message":"Request Success: s3::get_range api call succeeded (request id 01M2SYCZ8Y6HAYAWFBPBV9EZ4B)."},"filename":"D:\\a\\xet-core\\xet-core\\xet_client\\src\\cas_client\\retry_wrapper.rs","line_number":237}
{"timestamp":"2026-09-18T09:44:04.901095Z","level":"INFO","fields":{"message":"Retry strategy","retry":"RetryWrapper { max_attempts: 5, base_delay: 3s, max_duration: 360s, no_retry_on_429: false, retry_on_403: true, expected_416: false, expected_404: false, log_errors_as_info: false, api_tag: \"s3::get_range\", has_connection_permit: true }"},"filename":"D:\\a\\xet-core\\xet-core\\xet_client\\src\\cas_client\\retry_wrapper.rs","line_number":274}
{"timestamp":"2026-09-18T09:44:04.913318Z","level":"INFO","fields":{"message":"Received CAS response","request_id":"01M2SYCZ9DFW2YV1XHXXYW2FQQ","status_code":206},"filename":"D:\\a\\xet-core\\xet-core\\xet_client\\src\\common\\http_client.rs","line_number":288}
{"timestamp":"2026-09-18T09:44:04.913361Z","level":"INFO","fields":{"message":"Request Success: s3::get_range api call succeeded (request id 01M2SYCZ9DFW2YV1XHXXYW2FQQ)."},"filename":"D:\\a\\xet-core\\xet-core\\xet_client\\src\\cas_client\\retry_wrapper.rs","line_number":237}
{"timestamp":"2026-09-18T09:44:04.917539Z","level":"INFO","fields":{"message":"Retry strategy","retry":"RetryWrapper { max_attempts: 5, base_delay: 3s, max_duration: 360s, no_retry_on_429: false, retry_on_403: true, expected_416: false, expected_404: false, log_errors_as_info: false, api_tag: \"s3::get_range\", has_connection_permit: true }"},"filename":"D:\\a\\xet-core\\xet-core\\xet_client\\src\\cas_client\\retry_wrapper.rs","line_number":274}
{"timestamp":"2026-09-18T09:44:05.006415Z","level":"INFO","fields":{"message":"Received CAS response","request_id":"01M2SYCZC54WH3RAYF6JKC3TZ9","status_code":206},"filename":"D:\\a\\xet-core\\xet-core\\xet_client\\src\\common\\http_client.rs","line_number":288}
{"timestamp":"2026-09-18T09:44:05.006445Z","level":"INFO","fields":{"message":"Request Success: s3::get_range api call succeeded (request id 01M2SYCZC54WH3RAYF6JKC3TZ9)."},"filename":"D:\\a\\xet-core\\xet-core\\xet_client\\src\\cas_client\\retry_wrapper.rs","line_number":237}
{"timestamp":"2026-09-18T09:44:05.034456Z","level":"INFO","fields":{"message":"Retry strategy","retry":"RetryWrapper { max_attempts: 5, base_delay: 3s, max_duration: 360s, no_retry_on_429: false, retry_on_403: true, expected_416: false, expected_404: false, log_errors_as_info: false, api_tag: \"s3::get_range\", has_connection_permit: true }"},"filename":"D:\\a\\xet-core\\xet-core\\xet_client\\src\\cas_client\\retry_wrapper.rs","line_number":274}
{"timestamp":"2026-09-18T09:44:05.046019Z","level":"INFO","fields":{"message":"Received CAS response","request_id":"01M2SYCZDM04Z1B8XPYQMTPBWJ","status_code":206},"filename":"D:\\a\\xet-core\\xet-core\\xet_client\\src\\common\\http_client.rs","line_number":288}
{"timestamp":"2026-09-18T09:44:05.046054Z","level":"INFO","fields":{"message":"Request Success: s3::get_range api call succeeded (request id 01M2SYCZDM04Z1B8XPYQMTPBWJ)."},"filename":"D:\\a\\xet-core\\xet-core\\xet_client\\src\\cas_client\\retry_wrapper.rs","line_number":237}
{"timestamp":"2026-09-18T09:44:05.052123Z","level":"INFO","fields":{"message":"Retry strategy","retry":"RetryWrapper { max_attempts: 5, base_delay: 3s, max_duration: 360s, no_retry_on_429: false, retry_on_403: true, expected_416: false, expected_404: false, log_errors_as_info: false, api_tag: \"s3::get_range\", has_connection_permit: true }"},"filename":"D:\\a\\xet-core\\xet-core\\xet_client\\src\\cas_client\\retry_wrapper.rs","line_number":274}
{"timestamp":"2026-09-18T09:44:05.052371Z","level":"INFO","fields":{"message":"Retry strategy","retry":"RetryWrapper { max_attempts: 5, base_delay: 3s, max_duration: 360s, no_retry_on_429: false, retry_on_403: true, expected_416: false, expected_404: false, log_errors_as_info: false, api_tag: \"s3::get_range\", has_connection_permit: true }"},"filename":"D:\\a\\xet-core\\xet-core\\xet_client\\src\\cas_client\\retry_wrapper.rs","line_number":274}
{"timestamp":"2026-09-18T09:44:05.062575Z","level":"INFO","fields":{"message":"Received CAS response","request_id":"01M2SYCZE5T85ADDNA2F9Z2GWB","status_code":206},"filename":"D:\\a\\xet-core\\xet-core\\xet_client\\src\\common\\http_client.rs","line_number":288}
{"timestamp":"2026-09-18T09:44:05.062608Z","level":"INFO","fields":{"message":"Request Success: s3::get_range api call succeeded (request id 01M2SYCZE5T85ADDNA2F9Z2GWB)."},"filename":"D:\\a\\xet-core\\xet-core\\xet_client\\src\\cas_client\\retry_wrapper.rs","line_number":237}
{"timestamp":"2026-09-18T09:44:05.091518Z","level":"INFO","fields":{"message":"Concurrency control for download: Increased concurrency from 12 to 13; reason: success ratio 1.000 is above threshold 0.800 and predicted RTT for 16MB at new concurrency is 10.36s < target 60.0s"},"filename":"D:\\a\\xet-core\\xet-core\\xet_client\\src\\cas_client\\adaptive_concurrency\\controller.rs","line_number":548}
{"timestamp":"2026-09-18T09:44:05.091576Z","level":"INFO","fields":{"message":"Retry strategy","retry":"RetryWrapper { max_attempts: 5, base_delay: 3s, max_duration: 360s, no_retry_on_429: false, retry_on_403: true, expected_416: false, expected_404: false, log_errors_as_info: false, api_tag: \"s3::get_range\", has_connection_permit: true }"},"filename":"D:\\a\\xet-core\\xet-core\\xet_client\\src\\cas_client\\retry_wrapper.rs","line_number":274}
{"timestamp":"2026-09-18T09:44:05.209860Z","level":"INFO","fields":{"message":"Received CAS response","request_id":"01M2SYCZHTVXV9GV0NS5VFCVZ7","status_code":206},"filename":"D:\\a\\xet-core\\xet-core\\xet_client\\src\\common\\http_client.rs","line_number":288}
{"timestamp":"2026-09-18T09:44:05.209894Z","level":"INFO","fields":{"message":"Request Success: s3::get_range api call succeeded (request id 01M2SYCZHTVXV9GV0NS5VFCVZ7)."},"filename":"D:\\a\\xet-core\\xet-core\\xet_client\\src\\cas_client\\retry_wrapper.rs","line_number":237}
{"timestamp":"2026-09-18T09:44:05.235050Z","level":"INFO","fields":{"message":"Received CAS response","request_id":"01M2SYCZJB5FG1F6D077599WJJ","status_code":206},"filename":"D:\\a\\xet-core\\xet-core\\xet_client\\src\\common\\http_client.rs","line_number":288}
{"timestamp":"2026-09-18T09:44:05.235077Z","level":"INFO","fields":{"message":"Request Success: s3::get_range api call succeeded (request id 01M2SYCZJB5FG1F6D077599WJJ)."},"filename":"D:\\a\\xet-core\\xet-core\\xet_client\\src\\cas_client\\retry_wrapper.rs","line_number":237}
{"timestamp":"2026-09-18T09:44:05.409192Z","level":"INFO","fields":{"message":"Received CAS response","request_id":"01M2SYCZJC7NVWW9ZZWH72B3X6","status_code":206},"filename":"D:\\a\\xet-core\\xet-core\\xet_client\\src\\common\\http_client.rs","line_number":288}
{"timestamp":"2026-09-18T09:44:05.409217Z","level":"INFO","fields":{"message":"Request Success: s3::get_range api call succeeded (request id 01M2SYCZJC7NVWW9ZZWH72B3X6)."},"filename":"D:\\a\\xet-core\\xet-core\\xet_client\\src\\cas_client\\retry_wrapper.rs","line_number":237}
{"timestamp":"2026-09-18T09:44:05.544407Z","level":"INFO","fields":{"message":"Retry strategy","retry":"RetryWrapper { max_attempts: 5, base_delay: 3s, max_duration: 360s, no_retry_on_429: false, retry_on_403: true, expected_416: false, expected_404: false, log_errors_as_info: false, api_tag: \"s3::get_range\", has_connection_permit: true }"},"filename":"D:\\a\\xet-core\\xet-core\\xet_client\\src\\cas_client\\retry_wrapper.rs","line_number":274}
{"timestamp":"2026-09-18T09:44:05.606976Z","level":"INFO","fields":{"message":"Received CAS response","request_id":"01M2SYCZYCZCYX8DFYARBC34VA","status_code":206},"filename":"D:\\a\\xet-core\\xet-core\\xet_client\\src\\common\\http_client.rs","line_number":288}
{"timestamp":"2026-09-18T09:44:05.607005Z","level":"INFO","fields":{"message":"Request Success: s3::get_range api call succeeded (request id 01M2SYCZYCZCYX8DFYARBC34VA)."},"filename":"D:\\a\\xet-core\\xet-core\\xet_client\\src\\cas_client\\retry_wrapper.rs","line_number":237}
{"timestamp":"2026-09-18T09:44:05.607399Z","level":"INFO","fields":{"message":"Concurrency control for download: Increased concurrency from 13 to 14; reason: success ratio 1.000 is above threshold 0.800 and predicted RTT for 18MB at new concurrency is 13.25s < target 60.0s"},"filename":"D:\\a\\xet-core\\xet-core\\xet_client\\src\\cas_client\\adaptive_concurrency\\controller.rs","line_number":548}
{"timestamp":"2026-09-18T09:44:05.607445Z","level":"INFO","fields":{"message":"Retry strategy","retry":"RetryWrapper { max_attempts: 5, base_delay: 3s, max_duration: 360s, no_retry_on_429: false, retry_on_403: true, expected_416: false, expected_404: false, log_errors_as_info: false, api_tag: \"s3::get_range\", has_connection_permit: true }"},"filename":"D:\\a\\xet-core\\xet-core\\xet_client\\src\\cas_client\\retry_wrapper.rs","line_number":274}
{"timestamp":"2026-09-18T09:44:05.730928Z","level":"INFO","fields":{"message":"Received CAS response","request_id":"01M2SYD02420BNVNK8KVH7M7QD","status_code":206},"filename":"D:\\a\\xet-core\\xet-core\\xet_client\\src\\common\\http_client.rs","line_number":288}
{"timestamp":"2026-09-18T09:44:05.730957Z","level":"INFO","fields":{"message":"Request Success: s3::get_range api call succeeded (request id 01M2SYD02420BNVNK8KVH7M7QD)."},"filename":"D:\\a\\xet-core\\xet-core\\xet_client\\src\\cas_client\\retry_wrapper.rs","line_number":237}
{"timestamp":"2026-09-18T09:44:06.119586Z","level":"INFO","fields":{"message":"Concurrency control for download: Increased concurrency from 14 to 15; reason: success ratio 1.000 is above threshold 0.800 and predicted RTT for 18MB at new concurrency is 14.41s < target 60.0s"},"filename":"D:\\a\\xet-core\\xet-core\\xet_client\\src\\cas_client\\adaptive_concurrency\\controller.rs","line_number":548}
{"timestamp":"2026-09-18T09:44:06.119632Z","level":"INFO","fields":{"message":"Retry strategy","retry":"RetryWrapper { max_attempts: 5, base_delay: 3s, max_duration: 360s, no_retry_on_429: false, retry_on_403: true, expected_416: false, expected_404: false, log_errors_as_info: false, api_tag: \"s3::get_range\", has_connection_permit: true }"},"filename":"D:\\a\\xet-core\\xet-core\\xet_client\\src\\cas_client\\retry_wrapper.rs","line_number":274}
{"timestamp":"2026-09-18T09:44:06.131442Z","level":"INFO","fields":{"message":"Retry strategy","retry":"RetryWrapper { max_attempts: 5, base_delay: 3s, max_duration: 360s, no_retry_on_429: false, retry_on_403: true, expected_416: false, expected_404: false, log_errors_as_info: false, api_tag: \"s3::get_range\", has_connection_permit: true }"},"filename":"D:\\a\\xet-core\\xet-core\\xet_client\\src\\cas_client\\retry_wrapper.rs","line_number":274}
{"timestamp":"2026-09-18T09:44:06.149141Z","level":"INFO","fields":{"message":"Retry strategy","retry":"RetryWrapper { max_attempts: 5, base_delay: 3s, max_duration: 360s, no_retry_on_429: false, retry_on_403: true, expected_416: false, expected_404: false, log_errors_as_info: false, api_tag: \"s3::get_range\", has_connection_permit: true }"},"filename":"D:\\a\\xet-core\\xet-core\\xet_client\\src\\cas_client\\retry_wrapper.rs","line_number":274}
{"timestamp":"2026-09-18T09:44:06.312047Z","level":"INFO","fields":{"message":"Received CAS response","request_id":"01M2SYD0M2QKA74HGRK2Y4B7QS","status_code":206},"filename":"D:\\a\\xet-core\\xet-core\\xet_client\\src\\common\\http_client.rs","line_number":288}
{"timestamp":"2026-09-18T09:44:06.312085Z","level":"INFO","fields":{"message":"Request Success: s3::get_range api call succeeded (request id 01M2SYD0M2QKA74HGRK2Y4B7QS)."},"filename":"D:\\a\\xet-core\\xet-core\\xet_client\\src\\cas_client\\retry_wrapper.rs","line_number":237}
{"timestamp":"2026-09-18T09:44:06.333275Z","level":"INFO","fields":{"message":"Received CAS response","request_id":"01M2SYD0MM0M66MPDE6YGY9Q2P","status_code":206},"filename":"D:\\a\\xet-core\\xet-core\\xet_client\\src\\common\\http_client.rs","line_number":288}
{"timestamp":"2026-09-18T09:44:06.333307Z","level":"INFO","fields":{"message":"Request Success: s3::get_range api call succeeded (request id 01M2SYD0MM0M66MPDE6YGY9Q2P)."},"filename":"D:\\a\\xet-core\\xet-core\\xet_client\\src\\cas_client\\retry_wrapper.rs","line_number":237}
{"timestamp":"2026-09-18T09:44:06.337470Z","level":"INFO","fields":{"message":"Concurrency control for download: Current concurrency = 15; predicted bandwidth = 11103382; success_ratio = 1.000; reference_size = 17.6MB; observed bytes sent so far = 75582099; completed transmissions = 32"},"filename":"D:\\a\\xet-core\\xet-core\\xet_client\\src\\cas_client\\adaptive_concurrency\\controller.rs","line_number":602}
{"timestamp":"2026-09-18T09:44:06.509954Z","level":"INFO","fields":{"message":"Retry strategy","retry":"RetryWrapper { max_attempts: 5, base_delay: 3s, max_duration: 360s, no_retry_on_429: false, retry_on_403: true, expected_416: false, expected_404: false, log_errors_as_info: false, api_tag: \"s3::get_range\", has_connection_permit: true }"},"filename":"D:\\a\\xet-core\\xet-core\\xet_client\\src\\cas_client\\retry_wrapper.rs","line_number":274}
{"timestamp":"2026-09-18T09:44:06.621894Z","level":"INFO","fields":{"message":"Concurrency control for download: Increased concurrency from 15 to 16; reason: success ratio 1.000 is above threshold 0.800 and predicted RTT for 16MB at new concurrency is 13.21s < target 60.0s"},"filename":"D:\\a\\xet-core\\xet-core\\xet_client\\src\\cas_client\\adaptive_concurrency\\controller.rs","line_number":548}
{"timestamp":"2026-09-18T09:44:06.621944Z","level":"INFO","fields":{"message":"Retry strategy","retry":"RetryWrapper { max_attempts: 5, base_delay: 3s, max_duration: 360s, no_retry_on_429: false, retry_on_403: true, expected_416: false, expected_404: false, log_errors_as_info: false, api_tag: \"s3::get_range\", has_connection_permit: true }"},"filename":"D:\\a\\xet-core\\xet-core\\xet_client\\src\\cas_client\\retry_wrapper.rs","line_number":274}
{"timestamp":"2026-09-18T09:44:06.692979Z","level":"INFO","fields":{"message":"Received CAS response","request_id":"01M2SYD0ZY3PEZ7A7732B098XS","status_code":206},"filename":"D:\\a\\xet-core\\xet-core\\xet_client\\src\\common\\http_client.rs","line_number":288}
{"timestamp":"2026-09-18T09:44:06.693010Z","level":"INFO","fields":{"message":"Request Success: s3::get_range api call succeeded (request id 01M2SYD0ZY3PEZ7A7732B098XS)."},"filename":"D:\\a\\xet-core\\xet-core\\xet_client\\src\\cas_client\\retry_wrapper.rs","line_number":237}
{"timestamp":"2026-09-18T09:44:06.784127Z","level":"INFO","fields":{"message":"Received CAS response","request_id":"01M2SYD13E2D2F7PA6BXESHVS3","status_code":206},"filename":"D:\\a\\xet-core\\xet-core\\xet_client\\src\\common\\http_client.rs","line_number":288}
{"timestamp":"2026-09-18T09:44:06.784158Z","level":"INFO","fields":{"message":"Request Success: s3::get_range api call succeeded (request id 01M2SYD13E2D2F7PA6BXESHVS3)."},"filename":"D:\\a\\xet-core\\xet-core\\xet_client\\src\\cas_client\\retry_wrapper.rs","line_number":237}
{"timestamp":"2026-09-18T09:44:06.787117Z","level":"INFO","fields":{"message":"Retry strategy","retry":"RetryWrapper { max_attempts: 5, base_delay: 3s, max_duration: 360s, no_retry_on_429: false, retry_on_403: true, expected_416: false, expected_404: false, log_errors_as_info: false, api_tag: \"s3::get_range\", has_connection_permit: true }"},"filename":"D:\\a\\xet-core\\xet-core\\xet_client\\src\\cas_client\\retry_wrapper.rs","line_number":274}
{"timestamp":"2026-09-18T09:44:06.900574Z","level":"INFO","fields":{"message":"Received CAS response","request_id":"01M2SYD0Z3JGRF3EJ0EXQNS4SS","status_code":206},"filename":"D:\\a\\xet-core\\xet-core\\xet_client\\src\\common\\http_client.rs","line_number":288}
{"timestamp":"2026-09-18T09:44:06.900607Z","level":"INFO","fields":{"message":"Request Success: s3::get_range api call succeeded (request id 01M2SYD0Z3JGRF3EJ0EXQNS4SS)."},"filename":"D:\\a\\xet-core\\xet-core\\xet_client\\src\\cas_client\\retry_wrapper.rs","line_number":237}
{"timestamp":"2026-09-18T09:44:06.973024Z","level":"INFO","fields":{"message":"Received CAS response","request_id":"01M2SYD18JP6AV4QHW4BMCKJ5M","status_code":206},"filename":"D:\\a\\xet-core\\xet-core\\xet_client\\src\\common\\http_client.rs","line_number":288}
{"timestamp":"2026-09-18T09:44:06.973076Z","level":"INFO","fields":{"message":"Request Success: s3::get_range api call succeeded (request id 01M2SYD18JP6AV4QHW4BMCKJ5M)."},"filename":"D:\\a\\xet-core\\xet-core\\xet_client\\src\\cas_client\\retry_wrapper.rs","line_number":237}
{"timestamp":"2026-09-18T09:44:07.082706Z","level":"INFO","fields":{"message":"Received CAS response","request_id":"01M2SYD0Z7KW2BF5MSVW8N6T8K","status_code":206},"filename":"D:\\a\\xet-core\\xet-core\\xet_client\\src\\common\\http_client.rs","line_number":288}
{"timestamp":"2026-09-18T09:44:07.082735Z","level":"INFO","fields":{"message":"Request Success: s3::get_range api call succeeded (request id 01M2SYD0Z7KW2BF5MSVW8N6T8K)."},"filename":"D:\\a\\xet-core\\xet-core\\xet_client\\src\\cas_client\\retry_wrapper.rs","line_number":237}
{"timestamp":"2026-09-18T09:44:07.191504Z","level":"INFO","fields":{"message":"Concurrency control for download: Increased concurrency from 16 to 17; reason: success ratio 1.000 is above threshold 0.800 and predicted RTT for 16MB at new concurrency is 22.30s < target 60.0s"},"filename":"D:\\a\\xet-core\\xet-core\\xet_client\\src\\cas_client\\adaptive_concurrency\\controller.rs","line_number":548}
{"timestamp":"2026-09-18T09:44:07.191575Z","level":"INFO","fields":{"message":"Retry strategy","retry":"RetryWrapper { max_attempts: 5, base_delay: 3s, max_duration: 360s, no_retry_on_429: false, retry_on_403: true, expected_416: false, expected_404: false, log_errors_as_info: false, api_tag: \"s3::get_range\", has_connection_permit: true }"},"filename":"D:\\a\\xet-core\\xet-core\\xet_client\\src\\cas_client\\retry_wrapper.rs","line_number":274}
{"timestamp":"2026-09-18T09:44:07.191608Z","level":"INFO","fields":{"message":"Retry strategy","retry":"RetryWrapper { max_attempts: 5, base_delay: 3s, max_duration: 360s, no_retry_on_429: false, retry_on_403: true, expected_416: false, expected_404: false, log_errors_as_info: false, api_tag: \"s3::get_range\", has_connection_permit: true }"},"filename":"D:\\a\\xet-core\\xet-core\\xet_client\\src\\cas_client\\retry_wrapper.rs","line_number":274}
{"timestamp":"2026-09-18T09:44:07.308333Z","level":"INFO","fields":{"message":"Retry strategy","retry":"RetryWrapper { max_attempts: 5, base_delay: 3s, max_duration: 360s, no_retry_on_429: false, retry_on_403: true, expected_416: false, expected_404: false, log_errors_as_info: false, api_tag: \"s3::get_range\", has_connection_permit: true }"},"filename":"D:\\a\\xet-core\\xet-core\\xet_client\\src\\cas_client\\retry_wrapper.rs","line_number":274}
{"timestamp":"2026-09-18T09:44:07.375687Z","level":"INFO","fields":{"message":"Received CAS response","request_id":"01M2SYD1N7TSKWB60X88YD52T3","status_code":206},"filename":"D:\\a\\xet-core\\xet-core\\xet_client\\src\\common\\http_client.rs","line_number":288}
{"timestamp":"2026-09-18T09:44:07.375719Z","level":"INFO","fields":{"message":"Request Success: s3::get_range api call succeeded (request id 01M2SYD1N7TSKWB60X88YD52T3)."},"filename":"D:\\a\\xet-core\\xet-core\\xet_client\\src\\cas_client\\retry_wrapper.rs","line_number":237}
{"timestamp":"2026-09-18T09:44:07.378716Z","level":"INFO","fields":{"message":"Received CAS response","request_id":"01M2SYD1N927HQXF64QCBQ6J9G","status_code":206},"filename":"D:\\a\\xet-core\\xet-core\\xet_client\\src\\common\\http_client.rs","line_number":288}
{"timestamp":"2026-09-18T09:44:07.378742Z","level":"INFO","fields":{"message":"Request Success: s3::get_range api call succeeded (request id 01M2SYD1N927HQXF64QCBQ6J9G)."},"filename":"D:\\a\\xet-core\\xet-core\\xet_client\\src\\cas_client\\retry_wrapper.rs","line_number":237}
{"timestamp":"2026-09-18T09:44:07.494074Z","level":"INFO","fields":{"message":"Received CAS response","request_id":"01M2SYD1RX7TXWFG2WM1YSNJ1V","status_code":206},"filename":"D:\\a\\xet-core\\xet-core\\xet_client\\src\\common\\http_client.rs","line_number":288}
{"timestamp":"2026-09-18T09:44:07.494109Z","level":"INFO","fields":{"message":"Request Success: s3::get_range api call succeeded (request id 01M2SYD1RX7TXWFG2WM1YSNJ1V)."},"filename":"D:\\a\\xet-core\\xet-core\\xet_client\\src\\cas_client\\retry_wrapper.rs","line_number":237}
{"timestamp":"2026-09-18T09:44:07.698958Z","level":"INFO","fields":{"message":"Concurrency control for download: Increased concurrency from 17 to 18; reason: success ratio 1.000 is above threshold 0.800 and predicted RTT for 18MB at new concurrency is 26.74s < target 60.0s"},"filename":"D:\\a\\xet-core\\xet-core\\xet_client\\src\\cas_client\\adaptive_concurrency\\controller.rs","line_number":548}
{"timestamp":"2026-09-18T09:44:07.699013Z","level":"INFO","fields":{"message":"Retry strategy","retry":"RetryWrapper { max_attempts: 5, base_delay: 3s, max_duration: 360s, no_retry_on_429: false, retry_on_403: true, expected_416: false, expected_404: false, log_errors_as_info: false, api_tag: \"s3::get_range\", has_connection_permit: true }"},"filename":"D:\\a\\xet-core\\xet-core\\xet_client\\src\\cas_client\\retry_wrapper.rs","line_number":274}
{"timestamp":"2026-09-18T09:44:07.700218Z","level":"INFO","fields":{"message":"Retry strategy","retry":"RetryWrapper { max_attempts: 5, base_delay: 3s, max_duration: 360s, no_retry_on_429: false, retry_on_403: true, expected_416: false, expected_404: false, log_errors_as_info: false, api_tag: \"s3::get_range\", has_connection_permit: true }"},"filename":"D:\\a\\xet-core\\xet-core\\xet_client\\src\\cas_client\\retry_wrapper.rs","line_number":274}
{"timestamp":"2026-09-18T09:44:07.767849Z","level":"INFO","fields":{"message":"Retry strategy","retry":"RetryWrapper { max_attempts: 5, base_delay: 3s, max_duration: 360s, no_retry_on_429: false, retry_on_403: true, expected_416: false, expected_404: false, log_errors_as_info: false, api_tag: \"s3::get_range\", has_connection_permit: true }"},"filename":"D:\\a\\xet-core\\xet-core\\xet_client\\src\\cas_client\\retry_wrapper.rs","line_number":274}
{"timestamp":"2026-09-18T09:44:07.793521Z","level":"INFO","fields":{"message":"Retry strategy","retry":"RetryWrapper { max_attempts: 5, base_delay: 3s, max_duration: 360s, no_retry_on_429: false, retry_on_403: true, expected_416: false, expected_404: false, log_errors_as_info: false, api_tag: \"s3::get_range\", has_connection_permit: true }"},"filename":"D:\\a\\xet-core\\xet-core\\xet_client\\src\\cas_client\\retry_wrapper.rs","line_number":274}
{"timestamp":"2026-09-18T09:44:07.841600Z","level":"INFO","fields":{"message":"Received CAS response","request_id":"01M2SYD253WF17X5VVA4FJVDVP","status_code":206},"filename":"D:\\a\\xet-core\\xet-core\\xet_client\\src\\common\\http_client.rs","line_number":288}
{"timestamp":"2026-09-18T09:44:07.841633Z","level":"INFO","fields":{"message":"Request Success: s3::get_range api call succeeded (request id 01M2SYD253WF17X5VVA4FJVDVP)."},"filename":"D:\\a\\xet-core\\xet-core\\xet_client\\src\\cas_client\\retry_wrapper.rs","line_number":237}
{"timestamp":"2026-09-18T09:44:07.894770Z","level":"INFO","fields":{"message":"Received CAS response","request_id":"01M2SYD2779J4DAJP2HBE4KZNK","status_code":206},"filename":"D:\\a\\xet-core\\xet-core\\xet_client\\src\\common\\http_client.rs","line_number":288}
{"timestamp":"2026-09-18T09:44:07.894809Z","level":"INFO","fields":{"message":"Request Success: s3::get_range api call succeeded (request id 01M2SYD2779J4DAJP2HBE4KZNK)."},"filename":"D:\\a\\xet-core\\xet-core\\xet_client\\src\\cas_client\\retry_wrapper.rs","line_number":237}
{"timestamp":"2026-09-18T09:44:07.926528Z","level":"INFO","fields":{"message":"Received CAS response","request_id":"01M2SYD280HJFNCMXH4BTJN0CW","status_code":206},"filename":"D:\\a\\xet-core\\xet-core\\xet_client\\src\\common\\http_client.rs","line_number":288}
{"timestamp":"2026-09-18T09:44:07.926557Z","level":"INFO","fields":{"message":"Request Success: s3::get_range api call succeeded (request id 01M2SYD280HJFNCMXH4BTJN0CW)."},"filename":"D:\\a\\xet-core\\xet-core\\xet_client\\src\\cas_client\\retry_wrapper.rs","line_number":237}
{"timestamp":"2026-09-18T09:44:08.184644Z","level":"INFO","fields":{"message":"Received CAS response","request_id":"01M2SYD2EHRQHSQJPZ1HJXNXN8","status_code":206},"filename":"D:\\a\\xet-core\\xet-core\\xet_client\\src\\common\\http_client.rs","line_number":288}
{"timestamp":"2026-09-18T09:44:08.184674Z","level":"INFO","fields":{"message":"Request Success: s3::get_range api call succeeded (request id 01M2SYD2EHRQHSQJPZ1HJXNXN8)."},"filename":"D:\\a\\xet-core\\xet-core\\xet_client\\src\\cas_client\\retry_wrapper.rs","line_number":237}
{"timestamp":"2026-09-18T09:44:08.214566Z","level":"INFO","fields":{"message":"Concurrency control for download: Increased concurrency from 18 to 19; reason: success ratio 1.000 is above threshold 0.800 and predicted RTT for 24MB at new concurrency is 10.49s < target 60.0s"},"filename":"D:\\a\\xet-core\\xet-core\\xet_client\\src\\cas_client\\adaptive_concurrency\\controller.rs","line_number":548}
{"timestamp":"2026-09-18T09:44:08.214614Z","level":"INFO","fields":{"message":"Retry strategy","retry":"RetryWrapper { max_attempts: 5, base_delay: 3s, max_duration: 360s, no_retry_on_429: false, retry_on_403: true, expected_416: false, expected_404: false, log_errors_as_info: false, api_tag: \"s3::get_range\", has_connection_permit: true }"},"filename":"D:\\a\\xet-core\\xet-core\\xet_client\\src\\cas_client\\retry_wrapper.rs","line_number":274}
{"timestamp":"2026-09-18T09:44:08.396182Z","level":"INFO","fields":{"message":"Received CAS response","request_id":"01M2SYD2N98FYV5WK0ZC13WM5E","status_code":206},"filename":"D:\\a\\xet-core\\xet-core\\xet_client\\src\\common\\http_client.rs","line_number":288}
{"timestamp":"2026-09-18T09:44:08.396220Z","level":"INFO","fields":{"message":"Request Success: s3::get_range api call succeeded (request id 01M2SYD2N98FYV5WK0ZC13WM5E)."},"filename":"D:\\a\\xet-core\\xet-core\\xet_client\\src\\cas_client\\retry_wrapper.rs","line_number":237}
{"timestamp":"2026-09-18T09:44:08.749010Z","level":"INFO","fields":{"message":"Concurrency control for download: Increased concurrency from 19 to 20; reason: success ratio 1.000 is above threshold 0.800 and predicted RTT for 24MB at new concurrency is 11.18s < target 60.0s"},"filename":"D:\\a\\xet-core\\xet-core\\xet_client\\src\\cas_client\\adaptive_concurrency\\controller.rs","line_number":548}
{"timestamp":"2026-09-18T09:44:08.749060Z","level":"INFO","fields":{"message":"Retry strategy","retry":"RetryWrapper { max_attempts: 5, base_delay: 3s, max_duration: 360s, no_retry_on_429: false, retry_on_403: true, expected_416: false, expected_404: false, log_errors_as_info: false, api_tag: \"s3::get_range\", has_connection_permit: true }"},"filename":"D:\\a\\xet-core\\xet-core\\xet_client\\src\\cas_client\\retry_wrapper.rs","line_number":274}
{"timestamp":"2026-09-18T09:44:08.755971Z","level":"INFO","fields":{"message":"Retry strategy","retry":"RetryWrapper { max_attempts: 5, base_delay: 3s, max_duration: 360s, no_retry_on_429: false, retry_on_403: true, expected_416: false, expected_404: false, log_errors_as_info: false, api_tag: \"s3::get_range\", has_connection_permit: true }"},"filename":"D:\\a\\xet-core\\xet-core\\xet_client\\src\\cas_client\\retry_wrapper.rs","line_number":274}
{"timestamp":"2026-09-18T09:44:08.925728Z","level":"INFO","fields":{"message":"Received CAS response","request_id":"01M2SYD35ZBVRY5QVA7MY9DVK9","status_code":206},"filename":"D:\\a\\xet-core\\xet-core\\xet_client\\src\\common\\http_client.rs","line_number":288}
{"timestamp":"2026-09-18T09:44:08.925762Z","level":"INFO","fields":{"message":"Request Success: s3::get_range api call succeeded (request id 01M2SYD35ZBVRY5QVA7MY9DVK9)."},"filename":"D:\\a\\xet-core\\xet-core\\xet_client\\src\\cas_client\\retry_wrapper.rs","line_number":237}
{"timestamp":"2026-09-18T09:44:08.933471Z","level":"INFO","fields":{"message":"Received CAS response","request_id":"01M2SYD363PH3R15MAPNSH5E52","status_code":206},"filename":"D:\\a\\xet-core\\xet-core\\xet_client\\src\\common\\http_client.rs","line_number":288}
{"timestamp":"2026-09-18T09:44:08.933504Z","level":"INFO","fields":{"message":"Request Success: s3::get_range api call succeeded (request id 01M2SYD363PH3R15MAPNSH5E52)."},"filename":"D:\\a\\xet-core\\xet-core\\xet_client\\src\\cas_client\\retry_wrapper.rs","line_number":237}
{"timestamp":"2026-09-18T09:44:09.251672Z","level":"INFO","fields":{"message":"Concurrency control for download: Increased concurrency from 20 to 21; reason: success ratio 1.000 is above threshold 0.800 and predicted RTT for 23MB at new concurrency is 11.83s < target 60.0s"},"filename":"D:\\a\\xet-core\\xet-core\\xet_client\\src\\cas_client\\adaptive_concurrency\\controller.rs","line_number":548}
{"timestamp":"2026-09-18T09:44:09.251718Z","level":"INFO","fields":{"message":"Retry strategy","retry":"RetryWrapper { max_attempts: 5, base_delay: 3s, max_duration: 360s, no_retry_on_429: false, retry_on_403: true, expected_416: false, expected_404: false, log_errors_as_info: false, api_tag: \"s3::get_range\", has_connection_permit: true }"},"filename":"D:\\a\\xet-core\\xet-core\\xet_client\\src\\cas_client\\retry_wrapper.rs","line_number":274}
{"timestamp":"2026-09-18T09:44:09.432935Z","level":"INFO","fields":{"message":"Received CAS response","request_id":"01M2SYD3NM0B0QF3S5AWHFGQGD","status_code":206},"filename":"D:\\a\\xet-core\\xet-core\\xet_client\\src\\common\\http_client.rs","line_number":288}
{"timestamp":"2026-09-18T09:44:09.432964Z","level":"INFO","fields":{"message":"Request Success: s3::get_range api call succeeded (request id 01M2SYD3NM0B0QF3S5AWHFGQGD)."},"filename":"D:\\a\\xet-core\\xet-core\\xet_client\\src\\cas_client\\retry_wrapper.rs","line_number":237}
{"timestamp":"2026-09-18T09:44:09.573784Z","level":"INFO","fields":{"message":"Retry strategy","retry":"RetryWrapper { max_attempts: 5, base_delay: 3s, max_duration: 360s, no_retry_on_429: false, retry_on_403: true, expected_416: false, expected_404: false, log_errors_as_info: false, api_tag: \"s3::get_range\", has_connection_permit: true }"},"filename":"D:\\a\\xet-core\\xet-core\\xet_client\\src\\cas_client\\retry_wrapper.rs","line_number":274}
{"timestamp":"2026-09-18T09:44:09.575001Z","level":"INFO","fields":{"message":"Retry strategy","retry":"RetryWrapper { max_attempts: 5, base_delay: 3s, max_duration: 360s, no_retry_on_429: false, retry_on_403: true, expected_416: false, expected_404: false, log_errors_as_info: false, api_tag: \"s3::get_range\", has_connection_permit: true }"},"filename":"D:\\a\\xet-core\\xet-core\\xet_client\\src\\cas_client\\retry_wrapper.rs","line_number":274}
{"timestamp":"2026-09-18T09:44:09.736444Z","level":"INFO","fields":{"message":"Received CAS response","request_id":"01M2SYD3ZQR9WJF4JXPKXNP40G","status_code":206},"filename":"D:\\a\\xet-core\\xet-core\\xet_client\\src\\common\\http_client.rs","line_number":288}
{"timestamp":"2026-09-18T09:44:09.736475Z","level":"INFO","fields":{"message":"Request Success: s3::get_range api call succeeded (request id 01M2SYD3ZQR9WJF4JXPKXNP40G)."},"filename":"D:\\a\\xet-core\\xet-core\\xet_client\\src\\cas_client\\retry_wrapper.rs","line_number":237}
{"timestamp":"2026-09-18T09:44:09.743771Z","level":"INFO","fields":{"message":"Received CAS response","request_id":"01M2SYD3ZRZ2ZR51SA2VTKMN5A","status_code":206},"filename":"D:\\a\\xet-core\\xet-core\\xet_client\\src\\common\\http_client.rs","line_number":288}
{"timestamp":"2026-09-18T09:44:09.743802Z","level":"INFO","fields":{"message":"Request Success: s3::get_range api call succeeded (request id 01M2SYD3ZRZ2ZR51SA2VTKMN5A)."},"filename":"D:\\a\\xet-core\\xet-core\\xet_client\\src\\cas_client\\retry_wrapper.rs","line_number":237}
{"timestamp":"2026-09-18T09:44:09.751869Z","level":"INFO","fields":{"message":"Concurrency control for download: Increased concurrency from 21 to 22; reason: success ratio 1.000 is above threshold 0.800 and predicted RTT for 26MB at new concurrency is 25.92s < target 60.0s"},"filename":"D:\\a\\xet-core\\xet-core\\xet_client\\src\\cas_client\\adaptive_concurrency\\controller.rs","line_number":548}
{"timestamp":"2026-09-18T09:44:09.751924Z","level":"INFO","fields":{"message":"Retry strategy","retry":"RetryWrapper { max_attempts: 5, base_delay: 3s, max_duration: 360s, no_retry_on_429: false, retry_on_403: true, expected_416: false, expected_404: false, log_errors_as_info: false, api_tag: \"s3::get_range\", has_connection_permit: true }"},"filename":"D:\\a\\xet-core\\xet-core\\xet_client\\src\\cas_client\\retry_wrapper.rs","line_number":274}
{"timestamp":"2026-09-18T09:44:10.153582Z","level":"INFO","fields":{"message":"Retry strategy","retry":"RetryWrapper { max_attempts: 5, base_delay: 3s, max_duration: 360s, no_retry_on_429: false, retry_on_403: true, expected_416: false, expected_404: false, log_errors_as_info: false, api_tag: \"s3::get_range\", has_connection_permit: true }"},"filename":"D:\\a\\xet-core\\xet-core\\xet_client\\src\\cas_client\\retry_wrapper.rs","line_number":274}
{"timestamp":"2026-09-18T09:44:10.183203Z","level":"INFO","fields":{"message":"Retry strategy","retry":"RetryWrapper { max_attempts: 5, base_delay: 3s, max_duration: 360s, no_retry_on_429: false, retry_on_403: true, expected_416: false, expected_404: false, log_errors_as_info: false, api_tag: \"s3::get_range\", has_connection_permit: true }"},"filename":"D:\\a\\xet-core\\xet-core\\xet_client\\src\\cas_client\\retry_wrapper.rs","line_number":274}
{"timestamp":"2026-09-18T09:44:10.186374Z","level":"INFO","fields":{"message":"Retry strategy","retry":"RetryWrapper { max_attempts: 5, base_delay: 3s, max_duration: 360s, no_retry_on_429: false, retry_on_403: true, expected_416: false, expected_404: false, log_errors_as_info: false, api_tag: \"s3::get_range\", has_connection_permit: true }"},"filename":"D:\\a\\xet-core\\xet-core\\xet_client\\src\\cas_client\\retry_wrapper.rs","line_number":274}
{"timestamp":"2026-09-18T09:44:10.253827Z","level":"INFO","fields":{"message":"Concurrency control for download: Increased concurrency from 22 to 23; reason: success ratio 1.000 is above threshold 0.800 and predicted RTT for 28MB at new concurrency is 10.60s < target 60.0s"},"filename":"D:\\a\\xet-core\\xet-core\\xet_client\\src\\cas_client\\adaptive_concurrency\\controller.rs","line_number":548}
{"timestamp":"2026-09-18T09:44:10.253904Z","level":"INFO","fields":{"message":"Retry strategy","retry":"RetryWrapper { max_attempts: 5, base_delay: 3s, max_duration: 360s, no_retry_on_429: false, retry_on_403: true, expected_416: false, expected_404: false, log_errors_as_info: false, api_tag: \"s3::get_range\", has_connection_permit: true }"},"filename":"D:\\a\\xet-core\\xet-core\\xet_client\\src\\cas_client\\retry_wrapper.rs","line_number":274}
{"timestamp":"2026-09-18T09:44:10.254040Z","level":"INFO","fields":{"message":"Retry strategy","retry":"RetryWrapper { max_attempts: 5, base_delay: 3s, max_duration: 360s, no_retry_on_429: false, retry_on_403: true, expected_416: false, expected_404: false, log_errors_as_info: false, api_tag: \"s3::get_range\", has_connection_permit: true }"},"filename":"D:\\a\\xet-core\\xet-core\\xet_client\\src\\cas_client\\retry_wrapper.rs","line_number":274}
{"timestamp":"2026-09-18T09:44:10.330665Z","level":"INFO","fields":{"message":"Received CAS response","request_id":"01M2SYD4HRRWMNC48G0BB7DDRY","status_code":206},"filename":"D:\\a\\xet-core\\xet-core\\xet_client\\src\\common\\http_client.rs","line_number":288}
{"timestamp":"2026-09-18T09:44:10.330701Z","level":"INFO","fields":{"message":"Request Success: s3::get_range api call succeeded (request id 01M2SYD4HRRWMNC48G0BB7DDRY)."},"filename":"D:\\a\\xet-core\\xet-core\\xet_client\\src\\cas_client\\retry_wrapper.rs","line_number":237}
{"timestamp":"2026-09-18T09:44:10.346331Z","level":"INFO","fields":{"message":"Retry strategy","retry":"RetryWrapper { max_attempts: 5, base_delay: 3s, max_duration: 360s, no_retry_on_429: false, retry_on_403: true, expected_416: false, expected_404: false, log_errors_as_info: false, api_tag: \"s3::get_range\", has_connection_permit: true }"},"filename":"D:\\a\\xet-core\\xet-core\\xet_client\\src\\cas_client\\retry_wrapper.rs","line_number":274}
{"timestamp":"2026-09-18T09:44:10.357850Z","level":"INFO","fields":{"message":"Received CAS response","request_id":"01M2SYD4JPEEEHT9Q1SVXCMRYN","status_code":206},"filename":"D:\\a\\xet-core\\xet-core\\xet_client\\src\\common\\http_client.rs","line_number":288}
{"timestamp":"2026-09-18T09:44:10.357875Z","level":"INFO","fields":{"message":"Request Success: s3::get_range api call succeeded (request id 01M2SYD4JPEEEHT9Q1SVXCMRYN)."},"filename":"D:\\a\\xet-core\\xet-core\\xet_client\\src\\cas_client\\retry_wrapper.rs","line_number":237}
{"timestamp":"2026-09-18T09:44:10.365631Z","level":"INFO","fields":{"message":"Received CAS response","request_id":"01M2SYD4JT3T09HJV8TQGVFSWD","status_code":206},"filename":"D:\\a\\xet-core\\xet-core\\xet_client\\src\\common\\http_client.rs","line_number":288}
{"timestamp":"2026-09-18T09:44:10.365665Z","level":"INFO","fields":{"message":"Request Success: s3::get_range api call succeeded (request id 01M2SYD4JT3T09HJV8TQGVFSWD)."},"filename":"D:\\a\\xet-core\\xet-core\\xet_client\\src\\cas_client\\retry_wrapper.rs","line_number":237}
{"timestamp":"2026-09-18T09:44:10.434726Z","level":"INFO","fields":{"message":"Received CAS response","request_id":"01M2SYD4MXCY777Z16RVRA6HGZ","status_code":206},"filename":"D:\\a\\xet-core\\xet-core\\xet_client\\src\\common\\http_client.rs","line_number":288}
{"timestamp":"2026-09-18T09:44:10.434751Z","level":"INFO","fields":{"message":"Request Success: s3::get_range api call succeeded (request id 01M2SYD4MXCY777Z16RVRA6HGZ)."},"filename":"D:\\a\\xet-core\\xet-core\\xet_client\\src\\cas_client\\retry_wrapper.rs","line_number":237}
{"timestamp":"2026-09-18T09:44:10.532884Z","level":"INFO","fields":{"message":"Received CAS response","request_id":"01M2SYD4QSS8CF9QN64RNJGDTE","status_code":206},"filename":"D:\\a\\xet-core\\xet-core\\xet_client\\src\\common\\http_client.rs","line_number":288}
{"timestamp":"2026-09-18T09:44:10.532912Z","level":"INFO","fields":{"message":"Request Success: s3::get_range api call succeeded (request id 01M2SYD4QSS8CF9QN64RNJGDTE)."},"filename":"D:\\a\\xet-core\\xet-core\\xet_client\\src\\cas_client\\retry_wrapper.rs","line_number":237}
{"timestamp":"2026-09-18T09:44:10.670458Z","level":"INFO","fields":{"message":"Received CAS response","request_id":"01M2SYD4MT47TWWTH714W1SMPF","status_code":206},"filename":"D:\\a\\xet-core\\xet-core\\xet_client\\src\\common\\http_client.rs","line_number":288}
{"timestamp":"2026-09-18T09:44:10.670490Z","level":"INFO","fields":{"message":"Request Success: s3::get_range api call succeeded (request id 01M2SYD4MT47TWWTH714W1SMPF)."},"filename":"D:\\a\\xet-core\\xet-core\\xet_client\\src\\cas_client\\retry_wrapper.rs","line_number":237}
{"timestamp":"2026-09-18T09:44:10.750356Z","level":"INFO","fields":{"message":"Received CAS response","request_id":"01M2SYD4Y0NT9DS1CJ01CMXYB1","status_code":206},"filename":"D:\\a\\xet-core\\xet-core\\xet_client\\src\\common\\http_client.rs","line_number":288}
{"timestamp":"2026-09-18T09:44:10.750402Z","level":"INFO","fields":{"message":"Request Success: s3::get_range api call succeeded (request id 01M2SYD4Y0NT9DS1CJ01CMXYB1)."},"filename":"D:\\a\\xet-core\\xet-core\\xet_client\\src\\cas_client\\retry_wrapper.rs","line_number":237}
{"timestamp":"2026-09-18T09:44:10.758810Z","level":"INFO","fields":{"message":"Concurrency control for download: Increased concurrency from 23 to 24; reason: success ratio 1.000 is above threshold 0.800 and predicted RTT for 26MB at new concurrency is 17.15s < target 60.0s"},"filename":"D:\\a\\xet-core\\xet-core\\xet_client\\src\\cas_client\\adaptive_concurrency\\controller.rs","line_number":548}
{"timestamp":"2026-09-18T09:44:10.758859Z","level":"INFO","fields":{"message":"Retry strategy","retry":"RetryWrapper { max_attempts: 5, base_delay: 3s, max_duration: 360s, no_retry_on_429: false, retry_on_403: true, expected_416: false, expected_404: false, log_errors_as_info: false, api_tag: \"s3::get_range\", has_connection_permit: true }"},"filename":"D:\\a\\xet-core\\xet-core\\xet_client\\src\\cas_client\\retry_wrapper.rs","line_number":274}
{"timestamp":"2026-09-18T09:44:10.767386Z","level":"INFO","fields":{"message":"Retry strategy","retry":"RetryWrapper { max_attempts: 5, base_delay: 3s, max_duration: 360s, no_retry_on_429: false, retry_on_403: true, expected_416: false, expected_404: false, log_errors_as_info: false, api_tag: \"s3::get_range\", has_connection_permit: true }"},"filename":"D:\\a\\xet-core\\xet-core\\xet_client\\src\\cas_client\\retry_wrapper.rs","line_number":274}
{"timestamp":"2026-09-18T09:44:10.955802Z","level":"INFO","fields":{"message":"Received CAS response","request_id":"01M2SYD551RXV9PD2PY2P7S3SN","status_code":206},"filename":"D:\\a\\xet-core\\xet-core\\xet_client\\src\\common\\http_client.rs","line_number":288}
{"timestamp":"2026-09-18T09:44:10.955834Z","level":"INFO","fields":{"message":"Request Success: s3::get_range api call succeeded (request id 01M2SYD551RXV9PD2PY2P7S3SN)."},"filename":"D:\\a\\xet-core\\xet-core\\xet_client\\src\\cas_client\\retry_wrapper.rs","line_number":237}
{"timestamp":"2026-09-18T09:44:11.134691Z","level":"INFO","fields":{"message":"Received CAS response","request_id":"01M2SYD5514JP6JFEDF90Q3FWZ","status_code":206},"filename":"D:\\a\\xet-core\\xet-core\\xet_client\\src\\common\\http_client.rs","line_number":288}
{"timestamp":"2026-09-18T09:44:11.134723Z","level":"INFO","fields":{"message":"Request Success: s3::get_range api call succeeded (request id 01M2SYD5514JP6JFEDF90Q3FWZ)."},"filename":"D:\\a\\xet-core\\xet-core\\xet_client\\src\\cas_client\\retry_wrapper.rs","line_number":237}
{"timestamp":"2026-09-18T09:44:11.266812Z","level":"INFO","fields":{"message":"Concurrency control for download: Increased concurrency from 24 to 25; reason: success ratio 1.000 is above threshold 0.800 and predicted RTT for 25MB at new concurrency is 21.16s < target 60.0s"},"filename":"D:\\a\\xet-core\\xet-core\\xet_client\\src\\cas_client\\adaptive_concurrency\\controller.rs","line_number":548}
{"timestamp":"2026-09-18T09:44:11.266856Z","level":"INFO","fields":{"message":"Retry strategy","retry":"RetryWrapper { max_attempts: 5, base_delay: 3s, max_duration: 360s, no_retry_on_429: false, retry_on_403: true, expected_416: false, expected_404: false, log_errors_as_info: false, api_tag: \"s3::get_range\", has_connection_permit: true }"},"filename":"D:\\a\\xet-core\\xet-core\\xet_client\\src\\cas_client\\retry_wrapper.rs","line_number":274}
{"timestamp":"2026-09-18T09:44:11.402568Z","level":"INFO","fields":{"message":"Retry strategy","retry":"RetryWrapper { max_attempts: 5, base_delay: 3s, max_duration: 360s, no_retry_on_429: false, retry_on_403: true, expected_416: false, expected_404: false, log_errors_as_info: false, api_tag: \"s3::get_range\", has_connection_permit: true }"},"filename":"D:\\a\\xet-core\\xet-core\\xet_client\\src\\cas_client\\retry_wrapper.rs","line_number":274}
{"timestamp":"2026-09-18T09:44:11.434047Z","level":"INFO","fields":{"message":"Retry strategy","retry":"RetryWrapper { max_attempts: 5, base_delay: 3s, max_duration: 360s, no_retry_on_429: false, retry_on_403: true, expected_416: false, expected_404: false, log_errors_as_info: false, api_tag: \"s3::get_range\", has_connection_permit: true }"},"filename":"D:\\a\\xet-core\\xet-core\\xet_client\\src\\cas_client\\retry_wrapper.rs","line_number":274}
{"timestamp":"2026-09-18T09:44:11.434167Z","level":"INFO","fields":{"message":"Received CAS response","request_id":"01M2SYD5MKSBPMR07YBY36YV9A","status_code":206},"filename":"D:\\a\\xet-core\\xet-core\\xet_client\\src\\common\\http_client.rs","line_number":288}
{"timestamp":"2026-09-18T09:44:11.434185Z","level":"INFO","fields":{"message":"Request Success: s3::get_range api call succeeded (request id 01M2SYD5MKSBPMR07YBY36YV9A)."},"filename":"D:\\a\\xet-core\\xet-core\\xet_client\\src\\cas_client\\retry_wrapper.rs","line_number":237}
{"timestamp":"2026-09-18T09:44:11.438004Z","level":"INFO","fields":{"message":"Retry strategy","retry":"RetryWrapper { max_attempts: 5, base_delay: 3s, max_duration: 360s, no_retry_on_429: false, retry_on_403: true, expected_416: false, expected_404: false, log_errors_as_info: false, api_tag: \"s3::get_range\", has_connection_permit: true }"},"filename":"D:\\a\\xet-core\\xet-core\\xet_client\\src\\cas_client\\retry_wrapper.rs","line_number":274}
{"timestamp":"2026-09-18T09:44:11.558757Z","level":"INFO","fields":{"message":"Received CAS response","request_id":"01M2SYD5RTV8QFM5RXB5EQTXT2","status_code":206},"filename":"D:\\a\\xet-core\\xet-core\\xet_client\\src\\common\\http_client.rs","line_number":288}
{"timestamp":"2026-09-18T09:44:11.558783Z","level":"INFO","fields":{"message":"Request Success: s3::get_range api call succeeded (request id 01M2SYD5RTV8QFM5RXB5EQTXT2)."},"filename":"D:\\a\\xet-core\\xet-core\\xet_client\\src\\cas_client\\retry_wrapper.rs","line_number":237}
{"timestamp":"2026-09-18T09:44:11.599047Z","level":"INFO","fields":{"message":"Received CAS response","request_id":"01M2SYD5SV9YTCFS5C74QVA3GZ","status_code":206},"filename":"D:\\a\\xet-core\\xet-core\\xet_client\\src\\common\\http_client.rs","line_number":288}
{"timestamp":"2026-09-18T09:44:11.599074Z","level":"INFO","fields":{"message":"Request Success: s3::get_range api call succeeded (request id 01M2SYD5SV9YTCFS5C74QVA3GZ)."},"filename":"D:\\a\\xet-core\\xet-core\\xet_client\\src\\cas_client\\retry_wrapper.rs","line_number":237}
{"timestamp":"2026-09-18T09:44:11.606650Z","level":"INFO","fields":{"message":"Received CAS response","request_id":"01M2SYD5SZ361XGXQ1ZY4QPYYD","status_code":206},"filename":"D:\\a\\xet-core\\xet-core\\xet_client\\src\\common\\http_client.rs","line_number":288}
{"timestamp":"2026-09-18T09:44:11.606674Z","level":"INFO","fields":{"message":"Request Success: s3::get_range api call succeeded (request id 01M2SYD5SZ361XGXQ1ZY4QPYYD)."},"filename":"D:\\a\\xet-core\\xet-core\\xet_client\\src\\cas_client\\retry_wrapper.rs","line_number":237}
{"timestamp":"2026-09-18T09:44:11.610214Z","level":"INFO","fields":{"message":"Retry strategy","retry":"RetryWrapper { max_attempts: 5, base_delay: 3s, max_duration: 360s, no_retry_on_429: false, retry_on_403: true, expected_416: false, expected_404: false, log_errors_as_info: false, api_tag: \"s3::get_range\", has_connection_permit: true }"},"filename":"D:\\a\\xet-core\\xet-core\\xet_client\\src\\cas_client\\retry_wrapper.rs","line_number":274}
{"timestamp":"2026-09-18T09:44:11.671432Z","level":"INFO","fields":{"message":"Retry strategy","retry":"RetryWrapper { max_attempts: 5, base_delay: 3s, max_duration: 360s, no_retry_on_429: false, retry_on_403: true, expected_416: false, expected_404: false, log_errors_as_info: false, api_tag: \"s3::get_range\", has_connection_permit: true }"},"filename":"D:\\a\\xet-core\\xet-core\\xet_client\\src\\cas_client\\retry_wrapper.rs","line_number":274}
{"timestamp":"2026-09-18T09:44:11.794398Z","level":"INFO","fields":{"message":"Received CAS response","request_id":"01M2SYD5ZAAW5R9DM3BASDVG9F","status_code":206},"filename":"D:\\a\\xet-core\\xet-core\\xet_client\\src\\common\\http_client.rs","line_number":288}
{"timestamp":"2026-09-18T09:44:11.794449Z","level":"INFO","fields":{"message":"Request Success: s3::get_range api call succeeded (request id 01M2SYD5ZAAW5R9DM3BASDVG9F)."},"filename":"D:\\a\\xet-core\\xet-core\\xet_client\\src\\cas_client\\retry_wrapper.rs","line_number":237}
{"timestamp":"2026-09-18T09:44:11.794887Z","level":"INFO","fields":{"message":"Concurrency control for download: Increased concurrency from 25 to 26; reason: success ratio 1.000 is above threshold 0.800 and predicted RTT for 27MB at new concurrency is 32.94s < target 60.0s"},"filename":"D:\\a\\xet-core\\xet-core\\xet_client\\src\\cas_client\\adaptive_concurrency\\controller.rs","line_number":548}
{"timestamp":"2026-09-18T09:44:11.794942Z","level":"INFO","fields":{"message":"Retry strategy","retry":"RetryWrapper { max_attempts: 5, base_delay: 3s, max_duration: 360s, no_retry_on_429: false, retry_on_403: true, expected_416: false, expected_404: false, log_errors_as_info: false, api_tag: \"s3::get_range\", has_connection_permit: true }"},"filename":"D:\\a\\xet-core\\xet-core\\xet_client\\src\\cas_client\\retry_wrapper.rs","line_number":274}
{"timestamp":"2026-09-18T09:44:11.794983Z","level":"INFO","fields":{"message":"Retry strategy","retry":"RetryWrapper { max_attempts: 5, base_delay: 3s, max_duration: 360s, no_retry_on_429: false, retry_on_403: true, expected_416: false, expected_404: false, log_errors_as_info: false, api_tag: \"s3::get_range\", has_connection_permit: true }"},"filename":"D:\\a\\xet-core\\xet-core\\xet_client\\src\\cas_client\\retry_wrapper.rs","line_number":274}
{"timestamp":"2026-09-18T09:44:11.862453Z","level":"INFO","fields":{"message":"Received CAS response","request_id":"01M2SYD617VVEB5H0SE5KS30QR","status_code":206},"filename":"D:\\a\\xet-core\\xet-core\\xet_client\\src\\common\\http_client.rs","line_number":288}
{"timestamp":"2026-09-18T09:44:11.862492Z","level":"INFO","fields":{"message":"Request Success: s3::get_range api call succeeded (request id 01M2SYD617VVEB5H0SE5KS30QR)."},"filename":"D:\\a\\xet-core\\xet-core\\xet_client\\src\\cas_client\\retry_wrapper.rs","line_number":237}
{"timestamp":"2026-09-18T09:44:11.870305Z","level":"INFO","fields":{"message":"Retry strategy","retry":"RetryWrapper { max_attempts: 5, base_delay: 3s, max_duration: 360s, no_retry_on_429: false, retry_on_403: true, expected_416: false, expected_404: false, log_errors_as_info: false, api_tag: \"s3::get_range\", has_connection_permit: true }"},"filename":"D:\\a\\xet-core\\xet-core\\xet_client\\src\\cas_client\\retry_wrapper.rs","line_number":274}
{"timestamp":"2026-09-18T09:44:11.871067Z","level":"INFO","fields":{"message":"Retry strategy","retry":"RetryWrapper { max_attempts: 5, base_delay: 3s, max_duration: 360s, no_retry_on_429: false, retry_on_403: true, expected_416: false, expected_404: false, log_errors_as_info: false, api_tag: \"s3::get_range\", has_connection_permit: true }"},"filename":"D:\\a\\xet-core\\xet-core\\xet_client\\src\\cas_client\\retry_wrapper.rs","line_number":274}
{"timestamp":"2026-09-18T09:44:11.973777Z","level":"INFO","fields":{"message":"Received CAS response","request_id":"01M2SYD652BSD3JR26P7SQ1KYP","status_code":206},"filename":"D:\\a\\xet-core\\xet-core\\xet_client\\src\\common\\http_client.rs","line_number":288}
{"timestamp":"2026-09-18T09:44:11.973804Z","level":"INFO","fields":{"message":"Request Success: s3::get_range api call succeeded (request id 01M2SYD652BSD3JR26P7SQ1KYP)."},"filename":"D:\\a\\xet-core\\xet-core\\xet_client\\src\\cas_client\\retry_wrapper.rs","line_number":237}
{"timestamp":"2026-09-18T09:44:11.974241Z","level":"INFO","fields":{"message":"Retry strategy","retry":"RetryWrapper { max_attempts: 5, base_delay: 3s, max_duration: 360s, no_retry_on_429: false, retry_on_403: true, expected_416: false, expected_404: false, log_errors_as_info: false, api_tag: \"s3::get_range\", has_connection_permit: true }"},"filename":"D:\\a\\xet-core\\xet-core\\xet_client\\src\\cas_client\\retry_wrapper.rs","line_number":274}
{"timestamp":"2026-09-18T09:44:11.974772Z","level":"INFO","fields":{"message":"Received CAS response","request_id":"01M2SYD653AFN70NT5KPHRG1CV","status_code":206},"filename":"D:\\a\\xet-core\\xet-core\\xet_client\\src\\common\\http_client.rs","line_number":288}
{"timestamp":"2026-09-18T09:44:11.974796Z","level":"INFO","fields":{"message":"Request Success: s3::get_range api call succeeded (request id 01M2SYD653AFN70NT5KPHRG1CV)."},"filename":"D:\\a\\xet-core\\xet-core\\xet_client\\src\\cas_client\\retry_wrapper.rs","line_number":237}
{"timestamp":"2026-09-18T09:44:11.976823Z","level":"INFO","fields":{"message":"Retry strategy","retry":"RetryWrapper { max_attempts: 5, base_delay: 3s, max_duration: 360s, no_retry_on_429: false, retry_on_403: true, expected_416: false, expected_404: false, log_errors_as_info: false, api_tag: \"s3::get_range\", has_connection_permit: true }"},"filename":"D:\\a\\xet-core\\xet-core\\xet_client\\src\\cas_client\\retry_wrapper.rs","line_number":274}
{"timestamp":"2026-09-18T09:44:12.024309Z","level":"INFO","fields":{"message":"Retry strategy","retry":"RetryWrapper { max_attempts: 5, base_delay: 3s, max_duration: 360s, no_retry_on_429: false, retry_on_403: true, expected_416: false, expected_404: false, log_errors_as_info: false, api_tag: \"s3::get_range\", has_connection_permit: true }"},"filename":"D:\\a\\xet-core\\xet-core\\xet_client\\src\\cas_client\\retry_wrapper.rs","line_number":274}
{"timestamp":"2026-09-18T09:44:12.039631Z","level":"INFO","fields":{"message":"Received CAS response","request_id":"01M2SYD67D2TA4YH308DC4F61W","status_code":206},"filename":"D:\\a\\xet-core\\xet-core\\xet_client\\src\\common\\http_client.rs","line_number":288}
{"timestamp":"2026-09-18T09:44:12.039659Z","level":"INFO","fields":{"message":"Request Success: s3::get_range api call succeeded (request id 01M2SYD67D2TA4YH308DC4F61W)."},"filename":"D:\\a\\xet-core\\xet-core\\xet_client\\src\\cas_client\\retry_wrapper.rs","line_number":237}
{"timestamp":"2026-09-18T09:44:12.051197Z","level":"INFO","fields":{"message":"Received CAS response","request_id":"01M2SYD67GWRHR5658C9E1QNBX","status_code":206},"filename":"D:\\a\\xet-core\\xet-core\\xet_client\\src\\common\\http_client.rs","line_number":288}
{"timestamp":"2026-09-18T09:44:12.051243Z","level":"INFO","fields":{"message":"Request Success: s3::get_range api call succeeded (request id 01M2SYD67GWRHR5658C9E1QNBX)."},"filename":"D:\\a\\xet-core\\xet-core\\xet_client\\src\\cas_client\\retry_wrapper.rs","line_number":237}
{"timestamp":"2026-09-18T09:44:12.052751Z","level":"INFO","fields":{"message":"Retry strategy","retry":"RetryWrapper { max_attempts: 5, base_delay: 3s, max_duration: 360s, no_retry_on_429: false, retry_on_403: true, expected_416: false, expected_404: false, log_errors_as_info: false, api_tag: \"s3::get_range\", has_connection_permit: true }"},"filename":"D:\\a\\xet-core\\xet-core\\xet_client\\src\\cas_client\\retry_wrapper.rs","line_number":274}
{"timestamp":"2026-09-18T09:44:12.161826Z","level":"INFO","fields":{"message":"Received CAS response","request_id":"01M2SYD6AN0F44VY2MDQMEKA29","status_code":206},"filename":"D:\\a\\xet-core\\xet-core\\xet_client\\src\\common\\http_client.rs","line_number":288}
{"timestamp":"2026-09-18T09:44:12.161860Z","level":"INFO","fields":{"message":"Request Success: s3::get_range api call succeeded (request id 01M2SYD6AN0F44VY2MDQMEKA29)."},"filename":"D:\\a\\xet-core\\xet-core\\xet_client\\src\\cas_client\\retry_wrapper.rs","line_number":237}
{"timestamp":"2026-09-18T09:44:12.162916Z","level":"INFO","fields":{"message":"Received CAS response","request_id":"01M2SYD6ASAQ3FGXR5DA2MZ5D5","status_code":206},"filename":"D:\\a\\xet-core\\xet-core\\xet_client\\src\\common\\http_client.rs","line_number":288}
{"timestamp":"2026-09-18T09:44:12.162935Z","level":"INFO","fields":{"message":"Request Success: s3::get_range api call succeeded (request id 01M2SYD6ASAQ3FGXR5DA2MZ5D5)."},"filename":"D:\\a\\xet-core\\xet-core\\xet_client\\src\\cas_client\\retry_wrapper.rs","line_number":237}
